,RMSE,Ensemble,Split,Name
0,0.546083295955196,uniform_weights,Train,Best in Test
1,2.4667445234739085,uniform_weights,Train,Best in Test
2,0.5486657834722458,uniform_weights,Train,Best in Test
3,0.9719430893210921,uniform_weights,Train,Best in Test
4,0.9723065713763271,uniform_weights,Train,Best in Test
5,0.9716212523376524,uniform_weights,Train,Best in Test
6,0.9688053126051822,uniform_weights,Train,Best in Test
7,0.5497401092889277,uniform_weights,Train,Best in Test
8,0.5509643235743907,uniform_weights,Train,Best in Test
9,0.545389684462826,uniform_weights,Train,Best in Test
10,0.5455826828595206,uniform_weights,Train,Best in Test
11,0.9712778434865759,uniform_weights,Train,Best in Test
12,0.5459494586749941,uniform_weights,Train,Best in Test
13,0.5464501346983884,uniform_weights,Train,Best in Test
14,0.5502782036793012,uniform_weights,Train,Best in Test
15,0.5497244211196731,uniform_weights,Train,Best in Test
16,0.5479602719788725,uniform_weights,Train,Best in Test
17,0.5469067831746173,uniform_weights,Train,Best in Test
18,0.9721254077475853,uniform_weights,Train,Best in Test
19,0.5479710211276589,uniform_weights,Train,Best in Test
20,0.97104994492053,uniform_weights,Train,Best in Test
21,0.9729179307291859,uniform_weights,Train,Best in Test
22,0.9723022518943759,uniform_weights,Train,Best in Test
23,0.5507274320597972,uniform_weights,Train,Best in Test
24,0.5497090240939455,uniform_weights,Train,Best in Test
25,0.5474568141528509,uniform_weights,Train,Best in Test
26,0.9709629593220795,uniform_weights,Train,Best in Test
27,0.548251620878331,uniform_weights,Train,Best in Test
28,1.6946644244727258,uniform_weights,Train,Best in Test
29,1.6946725339696982,uniform_weights,Train,Best in Test
30,0.5475961632490829,uniform_weights,Train,Best in Test
31,0.5486340401328824,uniform_weights,Train,Best in Test
32,0.5512700961770977,uniform_weights,Train,Best in Test
33,0.5490252929962482,uniform_weights,Train,Best in Test
34,0.9716535722181734,uniform_weights,Train,Best in Test
35,0.5483654342282341,uniform_weights,Train,Best in Test
36,0.5479642970262052,uniform_weights,Train,Best in Test
37,0.5514619446098048,uniform_weights,Train,Best in Test
38,0.5473260560687142,uniform_weights,Train,Best in Test
39,0.5495120976161311,uniform_weights,Train,Best in Test
40,0.9711892800023627,uniform_weights,Train,Best in Test
41,0.9720335941426677,uniform_weights,Train,Best in Test
42,1.694691762366426,uniform_weights,Train,Best in Test
43,0.5509090187532548,uniform_weights,Train,Best in Test
44,0.970944213972762,uniform_weights,Train,Best in Test
45,0.970067234998504,uniform_weights,Train,Best in Test
46,1.6953754361477964,uniform_weights,Train,Best in Test
47,0.54474246492056,uniform_weights,Train,Best in Test
48,0.9708494959582101,uniform_weights,Train,Best in Test
49,0.9712729286687953,uniform_weights,Train,Best in Test
0,0.6022102510565114,uniform_by_type_weights,Train,Best in Test
1,0.6000216271459963,uniform_by_type_weights,Train,Best in Test
2,0.6013464825586496,uniform_by_type_weights,Train,Best in Test
3,0.5954118734005439,uniform_by_type_weights,Train,Best in Test
4,0.6006142527076075,uniform_by_type_weights,Train,Best in Test
5,0.5989322523857323,uniform_by_type_weights,Train,Best in Test
6,0.838407669473745,uniform_by_type_weights,Train,Best in Test
7,0.5970561255371036,uniform_by_type_weights,Train,Best in Test
8,0.8386612041164091,uniform_by_type_weights,Train,Best in Test
9,0.6009697989905194,uniform_by_type_weights,Train,Best in Test
10,0.5979756363142052,uniform_by_type_weights,Train,Best in Test
11,0.8382128904445757,uniform_by_type_weights,Train,Best in Test
12,0.8387119166298987,uniform_by_type_weights,Train,Best in Test
13,0.5976809556514109,uniform_by_type_weights,Train,Best in Test
14,0.5973804075046681,uniform_by_type_weights,Train,Best in Test
15,0.5970594267810634,uniform_by_type_weights,Train,Best in Test
16,1.320318492557099,uniform_by_type_weights,Train,Best in Test
17,0.5979780970477161,uniform_by_type_weights,Train,Best in Test
18,0.5990225756660209,uniform_by_type_weights,Train,Best in Test
19,0.5976809643756116,uniform_by_type_weights,Train,Best in Test
20,0.8380757796182255,uniform_by_type_weights,Train,Best in Test
21,0.5996087504693589,uniform_by_type_weights,Train,Best in Test
22,0.8405595833393887,uniform_by_type_weights,Train,Best in Test
23,0.8389408797309003,uniform_by_type_weights,Train,Best in Test
24,0.8376778149630872,uniform_by_type_weights,Train,Best in Test
25,0.5961731348002081,uniform_by_type_weights,Train,Best in Test
26,0.5976385287775378,uniform_by_type_weights,Train,Best in Test
27,0.5970620551856364,uniform_by_type_weights,Train,Best in Test
28,0.8391785818322581,uniform_by_type_weights,Train,Best in Test
29,0.8362136972968393,uniform_by_type_weights,Train,Best in Test
30,0.8407339199466423,uniform_by_type_weights,Train,Best in Test
31,1.3194387599363817,uniform_by_type_weights,Train,Best in Test
32,0.5994271591745749,uniform_by_type_weights,Train,Best in Test
33,1.318940964587173,uniform_by_type_weights,Train,Best in Test
34,0.8368870668135353,uniform_by_type_weights,Train,Best in Test
35,0.8409262867666357,uniform_by_type_weights,Train,Best in Test
36,0.5966744848207011,uniform_by_type_weights,Train,Best in Test
37,1.8620764235570693,uniform_by_type_weights,Train,Best in Test
38,0.5963440587882161,uniform_by_type_weights,Train,Best in Test
39,0.8395263358040435,uniform_by_type_weights,Train,Best in Test
40,0.6010292556796715,uniform_by_type_weights,Train,Best in Test
41,0.8403673109796262,uniform_by_type_weights,Train,Best in Test
42,1.8607414068198824,uniform_by_type_weights,Train,Best in Test
43,0.8395533943533774,uniform_by_type_weights,Train,Best in Test
44,0.6038525125007067,uniform_by_type_weights,Train,Best in Test
45,1.3193568078005182,uniform_by_type_weights,Train,Best in Test
46,0.8387147277030146,uniform_by_type_weights,Train,Best in Test
47,0.8413679968831186,uniform_by_type_weights,Train,Best in Test
48,0.6015086223339817,uniform_by_type_weights,Train,Best in Test
49,0.6007428205459271,uniform_by_type_weights,Train,Best in Test
0,0.5772790543777339,inv_std_weights,Train,Best in Test
1,0.5541966214612833,inv_std_weights,Train,Best in Test
2,0.5606448960717119,inv_std_weights,Train,Best in Test
3,0.5548877009280027,inv_std_weights,Train,Best in Test
4,0.5598990332155361,inv_std_weights,Train,Best in Test
5,0.558915880044324,inv_std_weights,Train,Best in Test
6,0.5585035149626367,inv_std_weights,Train,Best in Test
7,0.5926009341841194,inv_std_weights,Train,Best in Test
8,0.5572488075806509,inv_std_weights,Train,Best in Test
9,0.5529752369158915,inv_std_weights,Train,Best in Test
10,0.5577796235456589,inv_std_weights,Train,Best in Test
11,0.561338510074372,inv_std_weights,Train,Best in Test
12,0.5788538725592508,inv_std_weights,Train,Best in Test
13,0.5620730212614149,inv_std_weights,Train,Best in Test
14,0.5568891071560048,inv_std_weights,Train,Best in Test
15,0.5605781823972146,inv_std_weights,Train,Best in Test
16,0.5562390853557232,inv_std_weights,Train,Best in Test
17,0.560221317735005,inv_std_weights,Train,Best in Test
18,0.5584776222109964,inv_std_weights,Train,Best in Test
19,0.5559531004684353,inv_std_weights,Train,Best in Test
20,0.5620041146217358,inv_std_weights,Train,Best in Test
21,0.5585610941683183,inv_std_weights,Train,Best in Test
22,0.555427359699311,inv_std_weights,Train,Best in Test
23,0.5616269463323507,inv_std_weights,Train,Best in Test
24,0.5551943652757293,inv_std_weights,Train,Best in Test
25,0.5784891999040386,inv_std_weights,Train,Best in Test
26,0.558339214909501,inv_std_weights,Train,Best in Test
27,0.5601943727017722,inv_std_weights,Train,Best in Test
28,0.5553301733672117,inv_std_weights,Train,Best in Test
29,0.5599994482218491,inv_std_weights,Train,Best in Test
30,0.5547090074182389,inv_std_weights,Train,Best in Test
31,0.5788410669326635,inv_std_weights,Train,Best in Test
32,0.5627386524615262,inv_std_weights,Train,Best in Test
33,0.5587139384942611,inv_std_weights,Train,Best in Test
34,0.5580744776495824,inv_std_weights,Train,Best in Test
35,0.5564417107143724,inv_std_weights,Train,Best in Test
36,0.5571642588511512,inv_std_weights,Train,Best in Test
37,0.5586033038268181,inv_std_weights,Train,Best in Test
38,0.5599373753573758,inv_std_weights,Train,Best in Test
39,0.5695969283802756,inv_std_weights,Train,Best in Test
40,0.5565436546637206,inv_std_weights,Train,Best in Test
41,0.5666751069582927,inv_std_weights,Train,Best in Test
42,0.5554891071422032,inv_std_weights,Train,Best in Test
43,0.5538750624142469,inv_std_weights,Train,Best in Test
44,0.5563539506805125,inv_std_weights,Train,Best in Test
45,0.5622464811018814,inv_std_weights,Train,Best in Test
46,0.5541569989268923,inv_std_weights,Train,Best in Test
47,0.559609087433319,inv_std_weights,Train,Best in Test
48,0.5555157878729391,inv_std_weights,Train,Best in Test
49,0.5608085704303388,inv_std_weights,Train,Best in Test
0,0.5700431061955592,inv_var_weights,Train,Best in Test
1,0.564726006723152,inv_var_weights,Train,Best in Test
2,0.5638135652008349,inv_var_weights,Train,Best in Test
3,0.5657030793578302,inv_var_weights,Train,Best in Test
4,0.5668388200866529,inv_var_weights,Train,Best in Test
5,0.5672972330454844,inv_var_weights,Train,Best in Test
6,0.5684832766050559,inv_var_weights,Train,Best in Test
7,0.5656570113877573,inv_var_weights,Train,Best in Test
8,0.5730287512138226,inv_var_weights,Train,Best in Test
9,0.5705570115576934,inv_var_weights,Train,Best in Test
10,0.5684121540387418,inv_var_weights,Train,Best in Test
11,0.564776372982222,inv_var_weights,Train,Best in Test
12,0.5659614186343288,inv_var_weights,Train,Best in Test
13,0.5650788904503643,inv_var_weights,Train,Best in Test
14,0.566932340878059,inv_var_weights,Train,Best in Test
15,0.5660470485750569,inv_var_weights,Train,Best in Test
16,0.5744921456339652,inv_var_weights,Train,Best in Test
17,0.5660967779972964,inv_var_weights,Train,Best in Test
18,0.5736315409149555,inv_var_weights,Train,Best in Test
19,0.5678379037369853,inv_var_weights,Train,Best in Test
20,0.5663763434618775,inv_var_weights,Train,Best in Test
21,0.5660404956470757,inv_var_weights,Train,Best in Test
22,0.5673007095404989,inv_var_weights,Train,Best in Test
23,0.5692227737168477,inv_var_weights,Train,Best in Test
24,0.5690581962201884,inv_var_weights,Train,Best in Test
25,0.5684255066410713,inv_var_weights,Train,Best in Test
26,0.571461200508048,inv_var_weights,Train,Best in Test
27,0.5685048598369009,inv_var_weights,Train,Best in Test
28,0.5656245630167586,inv_var_weights,Train,Best in Test
29,0.5657369251858033,inv_var_weights,Train,Best in Test
30,0.5671273315569523,inv_var_weights,Train,Best in Test
31,0.5700877218319457,inv_var_weights,Train,Best in Test
32,0.5668853417669877,inv_var_weights,Train,Best in Test
33,0.5672664101128962,inv_var_weights,Train,Best in Test
34,0.5654863633925614,inv_var_weights,Train,Best in Test
35,0.5666283630097461,inv_var_weights,Train,Best in Test
36,0.5659493585374922,inv_var_weights,Train,Best in Test
37,0.5663218376957797,inv_var_weights,Train,Best in Test
38,0.5690041035376039,inv_var_weights,Train,Best in Test
39,0.5667617519375251,inv_var_weights,Train,Best in Test
40,0.5670733217363311,inv_var_weights,Train,Best in Test
41,0.5673938103991011,inv_var_weights,Train,Best in Test
42,0.5738125764778971,inv_var_weights,Train,Best in Test
43,0.5680568653403584,inv_var_weights,Train,Best in Test
44,0.5717417696727171,inv_var_weights,Train,Best in Test
45,0.5690140214837754,inv_var_weights,Train,Best in Test
46,0.566198882504552,inv_var_weights,Train,Best in Test
47,0.5706704668469242,inv_var_weights,Train,Best in Test
48,0.5693087717125846,inv_var_weights,Train,Best in Test
49,0.5664897869373541,inv_var_weights,Train,Best in Test
0,0.5397994820599369,inv_rmse_weights,Train,Best in Test
1,0.536733605073463,inv_rmse_weights,Train,Best in Test
2,0.5383294258811288,inv_rmse_weights,Train,Best in Test
3,0.5340229536203168,inv_rmse_weights,Train,Best in Test
4,0.5354622910246352,inv_rmse_weights,Train,Best in Test
5,0.5415649239576895,inv_rmse_weights,Train,Best in Test
6,0.5354438363818911,inv_rmse_weights,Train,Best in Test
7,0.5362635980339272,inv_rmse_weights,Train,Best in Test
8,0.5344970493104892,inv_rmse_weights,Train,Best in Test
9,0.5330790640522137,inv_rmse_weights,Train,Best in Test
10,0.5383826706311144,inv_rmse_weights,Train,Best in Test
11,0.5363449003381727,inv_rmse_weights,Train,Best in Test
12,0.534634977348899,inv_rmse_weights,Train,Best in Test
13,0.5327853979320912,inv_rmse_weights,Train,Best in Test
14,0.537687074326204,inv_rmse_weights,Train,Best in Test
15,0.5463982778259796,inv_rmse_weights,Train,Best in Test
16,0.540093101338212,inv_rmse_weights,Train,Best in Test
17,0.5374625136705548,inv_rmse_weights,Train,Best in Test
18,0.5415249568408901,inv_rmse_weights,Train,Best in Test
19,0.5331845225275443,inv_rmse_weights,Train,Best in Test
20,0.5328493067810008,inv_rmse_weights,Train,Best in Test
21,0.5340963763500511,inv_rmse_weights,Train,Best in Test
22,0.5341692618091983,inv_rmse_weights,Train,Best in Test
23,0.5333220808693361,inv_rmse_weights,Train,Best in Test
24,0.5327626009159163,inv_rmse_weights,Train,Best in Test
25,0.5345538463969103,inv_rmse_weights,Train,Best in Test
26,0.5326774406563328,inv_rmse_weights,Train,Best in Test
27,0.5359946292786697,inv_rmse_weights,Train,Best in Test
28,0.538476394944064,inv_rmse_weights,Train,Best in Test
29,0.5334204368263037,inv_rmse_weights,Train,Best in Test
30,0.5315041419898255,inv_rmse_weights,Train,Best in Test
31,0.5337502234035423,inv_rmse_weights,Train,Best in Test
32,0.5372307679410069,inv_rmse_weights,Train,Best in Test
33,0.5364182848797832,inv_rmse_weights,Train,Best in Test
34,0.5354240919347917,inv_rmse_weights,Train,Best in Test
35,0.5320908078888259,inv_rmse_weights,Train,Best in Test
36,0.5379922258567068,inv_rmse_weights,Train,Best in Test
37,0.5359127597161241,inv_rmse_weights,Train,Best in Test
38,0.5399092108357673,inv_rmse_weights,Train,Best in Test
39,0.5336974124143998,inv_rmse_weights,Train,Best in Test
40,0.5367245577965261,inv_rmse_weights,Train,Best in Test
41,0.5347393576001807,inv_rmse_weights,Train,Best in Test
42,0.5391121935698214,inv_rmse_weights,Train,Best in Test
43,0.5362479800242272,inv_rmse_weights,Train,Best in Test
44,0.5322890396277433,inv_rmse_weights,Train,Best in Test
45,0.5357267006752457,inv_rmse_weights,Train,Best in Test
46,0.5363744974250049,inv_rmse_weights,Train,Best in Test
47,0.537338242425758,inv_rmse_weights,Train,Best in Test
48,0.5358429863949313,inv_rmse_weights,Train,Best in Test
49,0.5344190657392879,inv_rmse_weights,Train,Best in Test
0,0.8568877946152125,uniform_weights,Test,Best in Test
1,0.8750678658240677,uniform_weights,Test,Best in Test
2,0.8782028468633567,uniform_weights,Test,Best in Test
3,0.8812408774459044,uniform_weights,Test,Best in Test
4,0.8710484525842622,uniform_weights,Test,Best in Test
5,0.8667426843109709,uniform_weights,Test,Best in Test
6,0.8867063315604128,uniform_weights,Test,Best in Test
7,0.8771263546834647,uniform_weights,Test,Best in Test
8,0.8990640681268257,uniform_weights,Test,Best in Test
9,0.894422879748028,uniform_weights,Test,Best in Test
10,0.8577530865315038,uniform_weights,Test,Best in Test
11,0.8837491580328218,uniform_weights,Test,Best in Test
12,0.9118523028908081,uniform_weights,Test,Best in Test
13,0.8755600099219941,uniform_weights,Test,Best in Test
14,0.8819990913037616,uniform_weights,Test,Best in Test
15,0.8802715627544461,uniform_weights,Test,Best in Test
16,0.8635841632404083,uniform_weights,Test,Best in Test
17,0.8955135413074378,uniform_weights,Test,Best in Test
18,0.8822728742554011,uniform_weights,Test,Best in Test
19,0.8747089490360523,uniform_weights,Test,Best in Test
20,0.8862036477949555,uniform_weights,Test,Best in Test
21,0.8740086471005184,uniform_weights,Test,Best in Test
22,0.8804412998845725,uniform_weights,Test,Best in Test
23,0.8739868896192471,uniform_weights,Test,Best in Test
24,0.8839083242233117,uniform_weights,Test,Best in Test
25,0.8711259613939398,uniform_weights,Test,Best in Test
26,0.8835633376330251,uniform_weights,Test,Best in Test
27,0.8950330260231929,uniform_weights,Test,Best in Test
28,0.8742997534751686,uniform_weights,Test,Best in Test
29,0.8995092874774356,uniform_weights,Test,Best in Test
30,0.8782382701322778,uniform_weights,Test,Best in Test
31,0.8814843653307656,uniform_weights,Test,Best in Test
32,0.9025363850870136,uniform_weights,Test,Best in Test
33,0.8706377193404895,uniform_weights,Test,Best in Test
34,0.8781458405020788,uniform_weights,Test,Best in Test
35,0.8731324010534676,uniform_weights,Test,Best in Test
36,0.8910464915881374,uniform_weights,Test,Best in Test
37,0.8789182691410972,uniform_weights,Test,Best in Test
38,0.8832080253238438,uniform_weights,Test,Best in Test
39,0.8803917293871809,uniform_weights,Test,Best in Test
40,0.8803092924116481,uniform_weights,Test,Best in Test
41,0.8676301966758343,uniform_weights,Test,Best in Test
42,0.8693239004687431,uniform_weights,Test,Best in Test
43,0.8820290972171813,uniform_weights,Test,Best in Test
44,0.8838567146729002,uniform_weights,Test,Best in Test
45,0.8773371280798337,uniform_weights,Test,Best in Test
46,0.8773908106814686,uniform_weights,Test,Best in Test
47,0.8663313917588462,uniform_weights,Test,Best in Test
48,0.905769309733813,uniform_weights,Test,Best in Test
49,0.8804075820109316,uniform_weights,Test,Best in Test
0,0.8917401060080371,uniform_by_type_weights,Test,Best in Test
1,0.8785167372478393,uniform_by_type_weights,Test,Best in Test
2,0.8873741051718453,uniform_by_type_weights,Test,Best in Test
3,0.879507545119885,uniform_by_type_weights,Test,Best in Test
4,0.8887086710363034,uniform_by_type_weights,Test,Best in Test
5,0.8821249664272937,uniform_by_type_weights,Test,Best in Test
6,0.90203523437978,uniform_by_type_weights,Test,Best in Test
7,0.8869324967416434,uniform_by_type_weights,Test,Best in Test
8,0.8826491349736029,uniform_by_type_weights,Test,Best in Test
9,0.8971155865051144,uniform_by_type_weights,Test,Best in Test
10,0.8923757255939003,uniform_by_type_weights,Test,Best in Test
11,0.8825259763313296,uniform_by_type_weights,Test,Best in Test
12,0.8850792550955376,uniform_by_type_weights,Test,Best in Test
13,0.8945337849725647,uniform_by_type_weights,Test,Best in Test
14,0.8861058225871553,uniform_by_type_weights,Test,Best in Test
15,0.8857127155327167,uniform_by_type_weights,Test,Best in Test
16,0.8704952409224592,uniform_by_type_weights,Test,Best in Test
17,0.8929512412543148,uniform_by_type_weights,Test,Best in Test
18,0.8890636884780088,uniform_by_type_weights,Test,Best in Test
19,0.890657267274464,uniform_by_type_weights,Test,Best in Test
20,0.8860117696642544,uniform_by_type_weights,Test,Best in Test
21,0.890645780552346,uniform_by_type_weights,Test,Best in Test
22,0.9134583707562938,uniform_by_type_weights,Test,Best in Test
23,0.8871202443490295,uniform_by_type_weights,Test,Best in Test
24,0.8954959097194342,uniform_by_type_weights,Test,Best in Test
25,0.881080360196076,uniform_by_type_weights,Test,Best in Test
26,0.8845573291459929,uniform_by_type_weights,Test,Best in Test
27,0.8808158137075162,uniform_by_type_weights,Test,Best in Test
28,0.8818308896636557,uniform_by_type_weights,Test,Best in Test
29,0.8755150045765642,uniform_by_type_weights,Test,Best in Test
30,0.9023280888991939,uniform_by_type_weights,Test,Best in Test
31,0.9043392602295741,uniform_by_type_weights,Test,Best in Test
32,0.8892473758887788,uniform_by_type_weights,Test,Best in Test
33,0.9043634156678243,uniform_by_type_weights,Test,Best in Test
34,0.8856668759917294,uniform_by_type_weights,Test,Best in Test
35,0.8980351496966922,uniform_by_type_weights,Test,Best in Test
36,0.8819569424457693,uniform_by_type_weights,Test,Best in Test
37,0.8870205264308639,uniform_by_type_weights,Test,Best in Test
38,0.887106964081099,uniform_by_type_weights,Test,Best in Test
39,0.8973760321017544,uniform_by_type_weights,Test,Best in Test
40,0.8898388947023965,uniform_by_type_weights,Test,Best in Test
41,0.8843644136586303,uniform_by_type_weights,Test,Best in Test
42,0.8858022166938597,uniform_by_type_weights,Test,Best in Test
43,0.891566028248873,uniform_by_type_weights,Test,Best in Test
44,0.8900200252308328,uniform_by_type_weights,Test,Best in Test
45,0.8845768918212275,uniform_by_type_weights,Test,Best in Test
46,0.8951495224887571,uniform_by_type_weights,Test,Best in Test
47,0.8907557588138373,uniform_by_type_weights,Test,Best in Test
48,0.8913965625563641,uniform_by_type_weights,Test,Best in Test
49,0.8858969932982168,uniform_by_type_weights,Test,Best in Test
0,0.8665535037853906,inv_std_weights,Test,Best in Test
1,0.8921387465337827,inv_std_weights,Test,Best in Test
2,0.8975870401846388,inv_std_weights,Test,Best in Test
3,0.89668745981849,inv_std_weights,Test,Best in Test
4,0.8743196150314928,inv_std_weights,Test,Best in Test
5,0.8974653259449881,inv_std_weights,Test,Best in Test
6,0.8715118024522125,inv_std_weights,Test,Best in Test
7,0.8700751691282962,inv_std_weights,Test,Best in Test
8,0.8958235707385751,inv_std_weights,Test,Best in Test
9,0.8925066998681204,inv_std_weights,Test,Best in Test
10,0.8966648988321355,inv_std_weights,Test,Best in Test
11,0.8772391796453383,inv_std_weights,Test,Best in Test
12,0.8587429732603072,inv_std_weights,Test,Best in Test
13,0.8758086419458849,inv_std_weights,Test,Best in Test
14,0.8797179786272229,inv_std_weights,Test,Best in Test
15,0.8777686512665215,inv_std_weights,Test,Best in Test
16,0.8702385500629843,inv_std_weights,Test,Best in Test
17,0.8695353264460249,inv_std_weights,Test,Best in Test
18,0.8815519068580365,inv_std_weights,Test,Best in Test
19,0.8689501459049668,inv_std_weights,Test,Best in Test
20,0.8710377899173637,inv_std_weights,Test,Best in Test
21,0.8844216335661392,inv_std_weights,Test,Best in Test
22,0.8677776806819215,inv_std_weights,Test,Best in Test
23,0.8946652772061766,inv_std_weights,Test,Best in Test
24,0.8782521310591661,inv_std_weights,Test,Best in Test
25,0.8754473388319215,inv_std_weights,Test,Best in Test
26,0.8897821811935529,inv_std_weights,Test,Best in Test
27,0.8854763371246653,inv_std_weights,Test,Best in Test
28,0.8652939165684153,inv_std_weights,Test,Best in Test
29,0.8917531741100004,inv_std_weights,Test,Best in Test
30,0.8733278562910816,inv_std_weights,Test,Best in Test
31,0.878889650709252,inv_std_weights,Test,Best in Test
32,0.8921548389655606,inv_std_weights,Test,Best in Test
33,0.8915736075240045,inv_std_weights,Test,Best in Test
34,0.8938180270728756,inv_std_weights,Test,Best in Test
35,0.8838271437441386,inv_std_weights,Test,Best in Test
36,0.8732689196975568,inv_std_weights,Test,Best in Test
37,0.8663926256378124,inv_std_weights,Test,Best in Test
38,0.906208378423575,inv_std_weights,Test,Best in Test
39,0.8781044117062293,inv_std_weights,Test,Best in Test
40,0.8709066986723522,inv_std_weights,Test,Best in Test
41,0.8735560170341604,inv_std_weights,Test,Best in Test
42,0.8787133893982952,inv_std_weights,Test,Best in Test
43,0.8797678414057851,inv_std_weights,Test,Best in Test
44,0.8748166884484214,inv_std_weights,Test,Best in Test
45,0.8856851768580705,inv_std_weights,Test,Best in Test
46,0.8762802866722466,inv_std_weights,Test,Best in Test
47,0.8747231115691044,inv_std_weights,Test,Best in Test
48,0.8796087792419954,inv_std_weights,Test,Best in Test
49,0.8749292014170769,inv_std_weights,Test,Best in Test
0,0.9033854232913092,inv_var_weights,Test,Best in Test
1,0.8852313749281938,inv_var_weights,Test,Best in Test
2,0.8738639606032762,inv_var_weights,Test,Best in Test
3,0.8784339276716621,inv_var_weights,Test,Best in Test
4,0.8982979640481424,inv_var_weights,Test,Best in Test
5,0.8917828189444553,inv_var_weights,Test,Best in Test
6,0.8853046301183756,inv_var_weights,Test,Best in Test
7,0.872591709928438,inv_var_weights,Test,Best in Test
8,0.8927440594929469,inv_var_weights,Test,Best in Test
9,0.8892386569127895,inv_var_weights,Test,Best in Test
10,0.8903388675195726,inv_var_weights,Test,Best in Test
11,0.8753037790985327,inv_var_weights,Test,Best in Test
12,0.8670058063776982,inv_var_weights,Test,Best in Test
13,0.8845965307922213,inv_var_weights,Test,Best in Test
14,0.8731001787919752,inv_var_weights,Test,Best in Test
15,0.8853875175338418,inv_var_weights,Test,Best in Test
16,0.8942652150605306,inv_var_weights,Test,Best in Test
17,0.8734859429960605,inv_var_weights,Test,Best in Test
18,0.8807942388245092,inv_var_weights,Test,Best in Test
19,0.8741085286251904,inv_var_weights,Test,Best in Test
20,0.8934171348165342,inv_var_weights,Test,Best in Test
21,0.8815399425159698,inv_var_weights,Test,Best in Test
22,0.8848648656764151,inv_var_weights,Test,Best in Test
23,0.8770802073887465,inv_var_weights,Test,Best in Test
24,0.8789489377887152,inv_var_weights,Test,Best in Test
25,0.8806460731026864,inv_var_weights,Test,Best in Test
26,0.8815424167856785,inv_var_weights,Test,Best in Test
27,0.8691425481954942,inv_var_weights,Test,Best in Test
28,0.8794043127352678,inv_var_weights,Test,Best in Test
29,0.8794685666538515,inv_var_weights,Test,Best in Test
30,0.8837683048093927,inv_var_weights,Test,Best in Test
31,0.8780569415898007,inv_var_weights,Test,Best in Test
32,0.863911961833599,inv_var_weights,Test,Best in Test
33,0.8859886938086255,inv_var_weights,Test,Best in Test
34,0.8894368272679596,inv_var_weights,Test,Best in Test
35,0.889227763275828,inv_var_weights,Test,Best in Test
36,0.8727844468032564,inv_var_weights,Test,Best in Test
37,0.8855603250390736,inv_var_weights,Test,Best in Test
38,0.9095810024194508,inv_var_weights,Test,Best in Test
39,0.8992402742057688,inv_var_weights,Test,Best in Test
40,0.8889721905184217,inv_var_weights,Test,Best in Test
41,0.8933647932059654,inv_var_weights,Test,Best in Test
42,0.880018280417637,inv_var_weights,Test,Best in Test
43,0.881844409551459,inv_var_weights,Test,Best in Test
44,0.8790897854347854,inv_var_weights,Test,Best in Test
45,0.8794854895604457,inv_var_weights,Test,Best in Test
46,0.8809944979564456,inv_var_weights,Test,Best in Test
47,0.8797162413807685,inv_var_weights,Test,Best in Test
48,0.8871758253433124,inv_var_weights,Test,Best in Test
49,0.8784724685486365,inv_var_weights,Test,Best in Test
0,0.8588788415102352,inv_rmse_weights,Test,Best in Test
1,0.8888405072706321,inv_rmse_weights,Test,Best in Test
2,0.8749732954974274,inv_rmse_weights,Test,Best in Test
3,0.8670717264809621,inv_rmse_weights,Test,Best in Test
4,0.8580900237169485,inv_rmse_weights,Test,Best in Test
5,0.8832033572069342,inv_rmse_weights,Test,Best in Test
6,0.8804400196936035,inv_rmse_weights,Test,Best in Test
7,0.892394383603889,inv_rmse_weights,Test,Best in Test
8,0.8821295625590041,inv_rmse_weights,Test,Best in Test
9,0.8606856873067923,inv_rmse_weights,Test,Best in Test
10,0.8547576934317703,inv_rmse_weights,Test,Best in Test
11,0.9026132709769894,inv_rmse_weights,Test,Best in Test
12,0.8640708127656435,inv_rmse_weights,Test,Best in Test
13,0.88488782141837,inv_rmse_weights,Test,Best in Test
14,0.8768816733740582,inv_rmse_weights,Test,Best in Test
15,0.8679238297404762,inv_rmse_weights,Test,Best in Test
16,0.8677555978725499,inv_rmse_weights,Test,Best in Test
17,0.8950134231713411,inv_rmse_weights,Test,Best in Test
18,0.8818246500927488,inv_rmse_weights,Test,Best in Test
19,0.8639088753772268,inv_rmse_weights,Test,Best in Test
20,0.8828473836367655,inv_rmse_weights,Test,Best in Test
21,0.8762154602304699,inv_rmse_weights,Test,Best in Test
22,0.8727044771224076,inv_rmse_weights,Test,Best in Test
23,0.8682432875751374,inv_rmse_weights,Test,Best in Test
24,0.8794826787105046,inv_rmse_weights,Test,Best in Test
25,0.886198947080731,inv_rmse_weights,Test,Best in Test
26,0.8741200203194004,inv_rmse_weights,Test,Best in Test
27,0.8718911304908393,inv_rmse_weights,Test,Best in Test
28,0.876571824152298,inv_rmse_weights,Test,Best in Test
29,0.8916265066304043,inv_rmse_weights,Test,Best in Test
30,0.8818733625743013,inv_rmse_weights,Test,Best in Test
31,0.8685952655995415,inv_rmse_weights,Test,Best in Test
32,0.8884892911573147,inv_rmse_weights,Test,Best in Test
33,0.8691961166105463,inv_rmse_weights,Test,Best in Test
34,0.8732650700475001,inv_rmse_weights,Test,Best in Test
35,0.8652882355139409,inv_rmse_weights,Test,Best in Test
36,0.8789731497752656,inv_rmse_weights,Test,Best in Test
37,0.8709352019405857,inv_rmse_weights,Test,Best in Test
38,0.877811383156649,inv_rmse_weights,Test,Best in Test
39,0.8727644313479205,inv_rmse_weights,Test,Best in Test
40,0.8780205171542208,inv_rmse_weights,Test,Best in Test
41,0.874080644898783,inv_rmse_weights,Test,Best in Test
42,0.8722089655555201,inv_rmse_weights,Test,Best in Test
43,0.8644055781066684,inv_rmse_weights,Test,Best in Test
44,0.8708454250903745,inv_rmse_weights,Test,Best in Test
45,0.8763511355602303,inv_rmse_weights,Test,Best in Test
46,0.8857799587915484,inv_rmse_weights,Test,Best in Test
47,0.8838834806006016,inv_rmse_weights,Test,Best in Test
48,0.8946961090366802,inv_rmse_weights,Test,Best in Test
49,0.8704693700727123,inv_rmse_weights,Test,Best in Test
0,0.2046707750176492,uniform_weights,Train,Best in Train
1,0.20466719707558031,uniform_weights,Train,Best in Train
2,0.20466793034269376,uniform_weights,Train,Best in Train
3,0.20465824736860516,uniform_weights,Train,Best in Train
4,0.20466253676775448,uniform_weights,Train,Best in Train
5,0.20466137742626347,uniform_weights,Train,Best in Train
6,0.20466137742626347,uniform_weights,Train,Best in Train
7,0.20466137742626347,uniform_weights,Train,Best in Train
8,0.20466998691696653,uniform_weights,Train,Best in Train
9,0.20466137742626347,uniform_weights,Train,Best in Train
10,0.20466253676775448,uniform_weights,Train,Best in Train
11,0.20466255212103393,uniform_weights,Train,Best in Train
12,0.2046707750176492,uniform_weights,Train,Best in Train
13,0.20466793034269376,uniform_weights,Train,Best in Train
14,0.20465824736860516,uniform_weights,Train,Best in Train
15,0.20466253676775448,uniform_weights,Train,Best in Train
16,0.20466253676775448,uniform_weights,Train,Best in Train
17,0.20466255212103393,uniform_weights,Train,Best in Train
18,0.20466998691696653,uniform_weights,Train,Best in Train
19,0.20466253676775448,uniform_weights,Train,Best in Train
20,0.20466253676775448,uniform_weights,Train,Best in Train
21,0.2046707750176492,uniform_weights,Train,Best in Train
22,0.20467459263779889,uniform_weights,Train,Best in Train
23,0.20466255212103393,uniform_weights,Train,Best in Train
24,0.20466793034269376,uniform_weights,Train,Best in Train
25,0.20466998691696653,uniform_weights,Train,Best in Train
26,0.20467459263779889,uniform_weights,Train,Best in Train
27,0.20466253676775448,uniform_weights,Train,Best in Train
28,0.20467244172455581,uniform_weights,Train,Best in Train
29,0.2046707750176492,uniform_weights,Train,Best in Train
30,0.20466253676775448,uniform_weights,Train,Best in Train
31,0.20466998691696653,uniform_weights,Train,Best in Train
32,0.20466255212103393,uniform_weights,Train,Best in Train
33,0.2046707750176492,uniform_weights,Train,Best in Train
34,0.20467244172455581,uniform_weights,Train,Best in Train
35,0.20466998691696653,uniform_weights,Train,Best in Train
36,0.2046707750176492,uniform_weights,Train,Best in Train
37,0.20467244172455581,uniform_weights,Train,Best in Train
38,0.20466255212103393,uniform_weights,Train,Best in Train
39,0.20466719707558031,uniform_weights,Train,Best in Train
40,0.2046707750176492,uniform_weights,Train,Best in Train
41,0.20466719707558031,uniform_weights,Train,Best in Train
42,0.20467459263779889,uniform_weights,Train,Best in Train
43,0.20467459263779889,uniform_weights,Train,Best in Train
44,0.20465824736860516,uniform_weights,Train,Best in Train
45,0.20465824736860516,uniform_weights,Train,Best in Train
46,0.20467244172455581,uniform_weights,Train,Best in Train
47,0.20467244172455581,uniform_weights,Train,Best in Train
48,0.2046707750176492,uniform_weights,Train,Best in Train
49,0.20466253676775448,uniform_weights,Train,Best in Train
0,0.24815141927823975,uniform_by_type_weights,Train,Best in Train
1,0.24815141927823975,uniform_by_type_weights,Train,Best in Train
2,0.24820303507256883,uniform_by_type_weights,Train,Best in Train
3,0.24809820041431177,uniform_by_type_weights,Train,Best in Train
4,0.248137291240267,uniform_by_type_weights,Train,Best in Train
5,0.24812279331271322,uniform_by_type_weights,Train,Best in Train
6,0.248137291240267,uniform_by_type_weights,Train,Best in Train
7,0.24820303507256883,uniform_by_type_weights,Train,Best in Train
8,0.24815583276705247,uniform_by_type_weights,Train,Best in Train
9,0.2480959090188585,uniform_by_type_weights,Train,Best in Train
10,0.24815583276705247,uniform_by_type_weights,Train,Best in Train
11,0.24820303507256883,uniform_by_type_weights,Train,Best in Train
12,0.24816639205694163,uniform_by_type_weights,Train,Best in Train
13,0.2480568256216642,uniform_by_type_weights,Train,Best in Train
14,0.24809820041431177,uniform_by_type_weights,Train,Best in Train
15,0.24812279331271322,uniform_by_type_weights,Train,Best in Train
16,0.2480959090188585,uniform_by_type_weights,Train,Best in Train
17,0.24815141927823975,uniform_by_type_weights,Train,Best in Train
18,0.24812279331271322,uniform_by_type_weights,Train,Best in Train
19,0.24815141927823975,uniform_by_type_weights,Train,Best in Train
20,0.24816639205694163,uniform_by_type_weights,Train,Best in Train
21,0.24809820041431177,uniform_by_type_weights,Train,Best in Train
22,0.248137291240267,uniform_by_type_weights,Train,Best in Train
23,0.24815141927823975,uniform_by_type_weights,Train,Best in Train
24,0.2480959090188585,uniform_by_type_weights,Train,Best in Train
25,0.248137291240267,uniform_by_type_weights,Train,Best in Train
26,0.24820303507256883,uniform_by_type_weights,Train,Best in Train
27,0.24815141927823975,uniform_by_type_weights,Train,Best in Train
28,0.24816639205694163,uniform_by_type_weights,Train,Best in Train
29,0.24816639205694163,uniform_by_type_weights,Train,Best in Train
30,0.24816639205694163,uniform_by_type_weights,Train,Best in Train
31,0.24812279331271322,uniform_by_type_weights,Train,Best in Train
32,0.24815583276705247,uniform_by_type_weights,Train,Best in Train
33,0.24815141927823975,uniform_by_type_weights,Train,Best in Train
34,0.24820303507256883,uniform_by_type_weights,Train,Best in Train
35,0.2480959090188585,uniform_by_type_weights,Train,Best in Train
36,0.2480959090188585,uniform_by_type_weights,Train,Best in Train
37,0.24809820041431177,uniform_by_type_weights,Train,Best in Train
38,0.24815141927823975,uniform_by_type_weights,Train,Best in Train
39,0.24816639205694163,uniform_by_type_weights,Train,Best in Train
40,0.24815583276705247,uniform_by_type_weights,Train,Best in Train
41,0.24815141927823975,uniform_by_type_weights,Train,Best in Train
42,0.24815141927823975,uniform_by_type_weights,Train,Best in Train
43,0.248137291240267,uniform_by_type_weights,Train,Best in Train
44,0.24815583276705247,uniform_by_type_weights,Train,Best in Train
45,0.24815141927823975,uniform_by_type_weights,Train,Best in Train
46,0.24820303507256883,uniform_by_type_weights,Train,Best in Train
47,0.2480959090188585,uniform_by_type_weights,Train,Best in Train
48,0.24819294208173734,uniform_by_type_weights,Train,Best in Train
49,0.2480568256216642,uniform_by_type_weights,Train,Best in Train
0,0.2054809735354331,inv_std_weights,Train,Best in Train
1,0.20549361808526093,inv_std_weights,Train,Best in Train
2,0.20549175563721497,inv_std_weights,Train,Best in Train
3,0.20548556961587566,inv_std_weights,Train,Best in Train
4,0.2054953272785787,inv_std_weights,Train,Best in Train
5,0.20549175563721497,inv_std_weights,Train,Best in Train
6,0.2054953272785787,inv_std_weights,Train,Best in Train
7,0.20549175563721497,inv_std_weights,Train,Best in Train
8,0.20548556961587566,inv_std_weights,Train,Best in Train
9,0.20549670623393396,inv_std_weights,Train,Best in Train
10,0.2054809735354331,inv_std_weights,Train,Best in Train
11,0.20549081246744497,inv_std_weights,Train,Best in Train
12,0.20549361808526093,inv_std_weights,Train,Best in Train
13,0.2054953272785787,inv_std_weights,Train,Best in Train
14,0.20547853531984064,inv_std_weights,Train,Best in Train
15,0.20548221562789395,inv_std_weights,Train,Best in Train
16,0.2054953272785787,inv_std_weights,Train,Best in Train
17,0.20549361808526093,inv_std_weights,Train,Best in Train
18,0.20548556961587566,inv_std_weights,Train,Best in Train
19,0.2054809735354331,inv_std_weights,Train,Best in Train
20,0.20548556961587566,inv_std_weights,Train,Best in Train
21,0.20550108584178736,inv_std_weights,Train,Best in Train
22,0.20549175563721497,inv_std_weights,Train,Best in Train
23,0.2054809735354331,inv_std_weights,Train,Best in Train
24,0.2054809735354331,inv_std_weights,Train,Best in Train
25,0.20549175563721497,inv_std_weights,Train,Best in Train
26,0.20548556961587566,inv_std_weights,Train,Best in Train
27,0.20547853531984064,inv_std_weights,Train,Best in Train
28,0.20549175563721497,inv_std_weights,Train,Best in Train
29,0.20549670623393396,inv_std_weights,Train,Best in Train
30,0.20549081246744497,inv_std_weights,Train,Best in Train
31,0.20550108584178736,inv_std_weights,Train,Best in Train
32,0.20550108584178736,inv_std_weights,Train,Best in Train
33,0.20550108584178736,inv_std_weights,Train,Best in Train
34,0.20549670623393396,inv_std_weights,Train,Best in Train
35,0.20549081246744497,inv_std_weights,Train,Best in Train
36,0.20548556961587566,inv_std_weights,Train,Best in Train
37,0.20548221562789395,inv_std_weights,Train,Best in Train
38,0.20547853531984064,inv_std_weights,Train,Best in Train
39,0.2054953272785787,inv_std_weights,Train,Best in Train
40,0.20549081246744497,inv_std_weights,Train,Best in Train
41,0.2054809735354331,inv_std_weights,Train,Best in Train
42,0.20547853531984064,inv_std_weights,Train,Best in Train
43,0.20549670623393396,inv_std_weights,Train,Best in Train
44,0.2054953272785787,inv_std_weights,Train,Best in Train
45,0.20549361808526093,inv_std_weights,Train,Best in Train
46,0.20549670623393396,inv_std_weights,Train,Best in Train
47,0.2054953272785787,inv_std_weights,Train,Best in Train
48,0.20547853531984064,inv_std_weights,Train,Best in Train
49,0.20548221562789395,inv_std_weights,Train,Best in Train
0,0.20668857183912842,inv_var_weights,Train,Best in Train
1,0.20666877339272208,inv_var_weights,Train,Best in Train
2,0.20668857183912842,inv_var_weights,Train,Best in Train
3,0.2066955687228248,inv_var_weights,Train,Best in Train
4,0.20668611613734494,inv_var_weights,Train,Best in Train
5,0.20668032910490114,inv_var_weights,Train,Best in Train
6,0.20668611613734494,inv_var_weights,Train,Best in Train
7,0.20668858526427802,inv_var_weights,Train,Best in Train
8,0.20668724135345973,inv_var_weights,Train,Best in Train
9,0.20668611613734494,inv_var_weights,Train,Best in Train
10,0.20666764926810335,inv_var_weights,Train,Best in Train
11,0.20668857183912842,inv_var_weights,Train,Best in Train
12,0.2066955687228248,inv_var_weights,Train,Best in Train
13,0.20667320226272348,inv_var_weights,Train,Best in Train
14,0.20666877339272208,inv_var_weights,Train,Best in Train
15,0.206700564371891,inv_var_weights,Train,Best in Train
16,0.20668724135345973,inv_var_weights,Train,Best in Train
17,0.20668611613734494,inv_var_weights,Train,Best in Train
18,0.20666764926810335,inv_var_weights,Train,Best in Train
19,0.20668857183912842,inv_var_weights,Train,Best in Train
20,0.20668724135345973,inv_var_weights,Train,Best in Train
21,0.20666877339272208,inv_var_weights,Train,Best in Train
22,0.206700564371891,inv_var_weights,Train,Best in Train
23,0.20668858526427802,inv_var_weights,Train,Best in Train
24,0.206700564371891,inv_var_weights,Train,Best in Train
25,0.20668858526427802,inv_var_weights,Train,Best in Train
26,0.20668858526427802,inv_var_weights,Train,Best in Train
27,0.20668858526427802,inv_var_weights,Train,Best in Train
28,0.206700564371891,inv_var_weights,Train,Best in Train
29,0.20668858526427802,inv_var_weights,Train,Best in Train
30,0.20667320226272348,inv_var_weights,Train,Best in Train
31,0.2066955687228248,inv_var_weights,Train,Best in Train
32,0.20668858526427802,inv_var_weights,Train,Best in Train
33,0.206700564371891,inv_var_weights,Train,Best in Train
34,0.206700564371891,inv_var_weights,Train,Best in Train
35,0.20668858526427802,inv_var_weights,Train,Best in Train
36,0.20668858526427802,inv_var_weights,Train,Best in Train
37,0.20668858526427802,inv_var_weights,Train,Best in Train
38,0.20666764926810335,inv_var_weights,Train,Best in Train
39,0.20668611613734494,inv_var_weights,Train,Best in Train
40,0.20668724135345973,inv_var_weights,Train,Best in Train
41,0.20666764926810335,inv_var_weights,Train,Best in Train
42,0.2066955687228248,inv_var_weights,Train,Best in Train
43,0.2066955687228248,inv_var_weights,Train,Best in Train
44,0.20668724135345973,inv_var_weights,Train,Best in Train
45,0.20668032910490114,inv_var_weights,Train,Best in Train
46,0.20668611613734494,inv_var_weights,Train,Best in Train
47,0.20668858526427802,inv_var_weights,Train,Best in Train
48,0.206700564371891,inv_var_weights,Train,Best in Train
49,0.2066955687228248,inv_var_weights,Train,Best in Train
0,0.20343756530674093,inv_rmse_weights,Train,Best in Train
1,0.20343756530674093,inv_rmse_weights,Train,Best in Train
2,0.20343711102535744,inv_rmse_weights,Train,Best in Train
3,0.20343927158415254,inv_rmse_weights,Train,Best in Train
4,0.20343349653856563,inv_rmse_weights,Train,Best in Train
5,0.20343756530674093,inv_rmse_weights,Train,Best in Train
6,0.20343514945268415,inv_rmse_weights,Train,Best in Train
7,0.20343818320426219,inv_rmse_weights,Train,Best in Train
8,0.20343349653856563,inv_rmse_weights,Train,Best in Train
9,0.20343702161100422,inv_rmse_weights,Train,Best in Train
10,0.20343756530674093,inv_rmse_weights,Train,Best in Train
11,0.20343818320426219,inv_rmse_weights,Train,Best in Train
12,0.20343756530674093,inv_rmse_weights,Train,Best in Train
13,0.20343514945268415,inv_rmse_weights,Train,Best in Train
14,0.20343702161100422,inv_rmse_weights,Train,Best in Train
15,0.203439072762619,inv_rmse_weights,Train,Best in Train
16,0.20343818320426219,inv_rmse_weights,Train,Best in Train
17,0.20343711102535744,inv_rmse_weights,Train,Best in Train
18,0.20343756530674093,inv_rmse_weights,Train,Best in Train
19,0.20343927158415254,inv_rmse_weights,Train,Best in Train
20,0.20343818320426219,inv_rmse_weights,Train,Best in Train
21,0.203439072762619,inv_rmse_weights,Train,Best in Train
22,0.20343711102535744,inv_rmse_weights,Train,Best in Train
23,0.20343514945268415,inv_rmse_weights,Train,Best in Train
24,0.20343514945268415,inv_rmse_weights,Train,Best in Train
25,0.20343818320426219,inv_rmse_weights,Train,Best in Train
26,0.20343514945268415,inv_rmse_weights,Train,Best in Train
27,0.20343702161100422,inv_rmse_weights,Train,Best in Train
28,0.20343507926573304,inv_rmse_weights,Train,Best in Train
29,0.20343702161100422,inv_rmse_weights,Train,Best in Train
30,0.20343514945268415,inv_rmse_weights,Train,Best in Train
31,0.20343818320426219,inv_rmse_weights,Train,Best in Train
32,0.20343702161100422,inv_rmse_weights,Train,Best in Train
33,0.20343514945268415,inv_rmse_weights,Train,Best in Train
34,0.20343702161100422,inv_rmse_weights,Train,Best in Train
35,0.20343507926573304,inv_rmse_weights,Train,Best in Train
36,0.20343349653856563,inv_rmse_weights,Train,Best in Train
37,0.20343756530674093,inv_rmse_weights,Train,Best in Train
38,0.20343927158415254,inv_rmse_weights,Train,Best in Train
39,0.20343514945268415,inv_rmse_weights,Train,Best in Train
40,0.20343670716326612,inv_rmse_weights,Train,Best in Train
41,0.20343514945268415,inv_rmse_weights,Train,Best in Train
42,0.20343670716326612,inv_rmse_weights,Train,Best in Train
43,0.20343702161100422,inv_rmse_weights,Train,Best in Train
44,0.20343711102535744,inv_rmse_weights,Train,Best in Train
45,0.20343927158415254,inv_rmse_weights,Train,Best in Train
46,0.20343349653856563,inv_rmse_weights,Train,Best in Train
47,0.203439072762619,inv_rmse_weights,Train,Best in Train
48,0.20343349653856563,inv_rmse_weights,Train,Best in Train
49,0.20343702161100422,inv_rmse_weights,Train,Best in Train
0,1.0494596836651602,uniform_weights,Test,Best in Train
1,1.0536584956757478,uniform_weights,Test,Best in Train
2,1.0578867515072168,uniform_weights,Test,Best in Train
3,1.0700980314285815,uniform_weights,Test,Best in Train
4,1.0508261367365614,uniform_weights,Test,Best in Train
5,1.0584470180847556,uniform_weights,Test,Best in Train
6,1.0617902367708385,uniform_weights,Test,Best in Train
7,1.0578867515072168,uniform_weights,Test,Best in Train
8,1.0634803310721506,uniform_weights,Test,Best in Train
9,1.0700980314285815,uniform_weights,Test,Best in Train
10,1.0508261367365614,uniform_weights,Test,Best in Train
11,1.0578867515072168,uniform_weights,Test,Best in Train
12,1.0568057151083896,uniform_weights,Test,Best in Train
13,1.0578867515072168,uniform_weights,Test,Best in Train
14,1.0700980314285815,uniform_weights,Test,Best in Train
15,1.0568057151083896,uniform_weights,Test,Best in Train
16,1.0508261367365614,uniform_weights,Test,Best in Train
17,1.0494547261940779,uniform_weights,Test,Best in Train
18,1.0494596836651602,uniform_weights,Test,Best in Train
19,1.0494596836651602,uniform_weights,Test,Best in Train
20,1.0617902367708385,uniform_weights,Test,Best in Train
21,1.0536584956757478,uniform_weights,Test,Best in Train
22,1.0584470180847556,uniform_weights,Test,Best in Train
23,1.0494596836651602,uniform_weights,Test,Best in Train
24,1.0568057151083896,uniform_weights,Test,Best in Train
25,1.0700980314285815,uniform_weights,Test,Best in Train
26,1.0700980314285815,uniform_weights,Test,Best in Train
27,1.0578867515072168,uniform_weights,Test,Best in Train
28,1.0617902367708385,uniform_weights,Test,Best in Train
29,1.0578867515072168,uniform_weights,Test,Best in Train
30,1.0617902367708385,uniform_weights,Test,Best in Train
31,1.0568057151083896,uniform_weights,Test,Best in Train
32,1.0494596836651602,uniform_weights,Test,Best in Train
33,1.0578867515072168,uniform_weights,Test,Best in Train
34,1.0536584956757478,uniform_weights,Test,Best in Train
35,1.0508261367365614,uniform_weights,Test,Best in Train
36,1.0578867515072168,uniform_weights,Test,Best in Train
37,1.0508261367365614,uniform_weights,Test,Best in Train
38,1.0700980314285815,uniform_weights,Test,Best in Train
39,1.0494596836651602,uniform_weights,Test,Best in Train
40,1.0568057151083896,uniform_weights,Test,Best in Train
41,1.0536584956757478,uniform_weights,Test,Best in Train
42,1.0568057151083896,uniform_weights,Test,Best in Train
43,1.0568057151083896,uniform_weights,Test,Best in Train
44,1.0634803310721506,uniform_weights,Test,Best in Train
45,1.0578867515072168,uniform_weights,Test,Best in Train
46,1.0578867515072168,uniform_weights,Test,Best in Train
47,1.0700980314285815,uniform_weights,Test,Best in Train
48,1.0494547261940779,uniform_weights,Test,Best in Train
49,1.0536584956757478,uniform_weights,Test,Best in Train
0,0.9722185755459685,uniform_by_type_weights,Test,Best in Train
1,0.9722185755459685,uniform_by_type_weights,Test,Best in Train
2,0.9488103129165255,uniform_by_type_weights,Test,Best in Train
3,0.9499571200756112,uniform_by_type_weights,Test,Best in Train
4,0.9722185755459685,uniform_by_type_weights,Test,Best in Train
5,0.9722185755459685,uniform_by_type_weights,Test,Best in Train
6,0.963762284219054,uniform_by_type_weights,Test,Best in Train
7,1.0236069445769596,uniform_by_type_weights,Test,Best in Train
8,0.9970999101918588,uniform_by_type_weights,Test,Best in Train
9,0.9465412347895499,uniform_by_type_weights,Test,Best in Train
10,0.9970999101918588,uniform_by_type_weights,Test,Best in Train
11,0.984256008108036,uniform_by_type_weights,Test,Best in Train
12,0.963762284219054,uniform_by_type_weights,Test,Best in Train
13,1.0236069445769596,uniform_by_type_weights,Test,Best in Train
14,0.9970999101918588,uniform_by_type_weights,Test,Best in Train
15,0.9488103129165255,uniform_by_type_weights,Test,Best in Train
16,0.984256008108036,uniform_by_type_weights,Test,Best in Train
17,0.9465412347895499,uniform_by_type_weights,Test,Best in Train
18,0.9499571200756112,uniform_by_type_weights,Test,Best in Train
19,0.9499571200756112,uniform_by_type_weights,Test,Best in Train
20,0.9838441293564556,uniform_by_type_weights,Test,Best in Train
21,0.9722185755459685,uniform_by_type_weights,Test,Best in Train
22,0.9499571200756112,uniform_by_type_weights,Test,Best in Train
23,0.9981143296144724,uniform_by_type_weights,Test,Best in Train
24,0.9465412347895499,uniform_by_type_weights,Test,Best in Train
25,0.9970999101918588,uniform_by_type_weights,Test,Best in Train
26,0.9499571200756112,uniform_by_type_weights,Test,Best in Train
27,0.9499571200756112,uniform_by_type_weights,Test,Best in Train
28,0.9499571200756112,uniform_by_type_weights,Test,Best in Train
29,0.9838441293564556,uniform_by_type_weights,Test,Best in Train
30,0.9838441293564556,uniform_by_type_weights,Test,Best in Train
31,0.9981143296144724,uniform_by_type_weights,Test,Best in Train
32,0.9970999101918588,uniform_by_type_weights,Test,Best in Train
33,1.0236069445769596,uniform_by_type_weights,Test,Best in Train
34,0.9465412347895499,uniform_by_type_weights,Test,Best in Train
35,0.9970999101918588,uniform_by_type_weights,Test,Best in Train
36,0.963762284219054,uniform_by_type_weights,Test,Best in Train
37,0.9981143296144724,uniform_by_type_weights,Test,Best in Train
38,1.0236069445769596,uniform_by_type_weights,Test,Best in Train
39,0.984256008108036,uniform_by_type_weights,Test,Best in Train
40,0.984256008108036,uniform_by_type_weights,Test,Best in Train
41,0.9488103129165255,uniform_by_type_weights,Test,Best in Train
42,0.9838441293564556,uniform_by_type_weights,Test,Best in Train
43,0.9970999101918588,uniform_by_type_weights,Test,Best in Train
44,0.9465412347895499,uniform_by_type_weights,Test,Best in Train
45,0.9981143296144724,uniform_by_type_weights,Test,Best in Train
46,1.0236069445769596,uniform_by_type_weights,Test,Best in Train
47,0.9722185755459685,uniform_by_type_weights,Test,Best in Train
48,0.9499571200756112,uniform_by_type_weights,Test,Best in Train
49,0.9499571200756112,uniform_by_type_weights,Test,Best in Train
0,1.0540737299481922,inv_std_weights,Test,Best in Train
1,1.0484917036828776,inv_std_weights,Test,Best in Train
2,1.0451434605471368,inv_std_weights,Test,Best in Train
3,1.0435776264759573,inv_std_weights,Test,Best in Train
4,1.0435776264759573,inv_std_weights,Test,Best in Train
5,1.0451434605471368,inv_std_weights,Test,Best in Train
6,1.0436243860632712,inv_std_weights,Test,Best in Train
7,1.0598482713478845,inv_std_weights,Test,Best in Train
8,1.0675543462690942,inv_std_weights,Test,Best in Train
9,1.0540737299481922,inv_std_weights,Test,Best in Train
10,1.0675543462690942,inv_std_weights,Test,Best in Train
11,1.0436243860632712,inv_std_weights,Test,Best in Train
12,1.0520788768161038,inv_std_weights,Test,Best in Train
13,1.0540737299481922,inv_std_weights,Test,Best in Train
14,1.0598482713478845,inv_std_weights,Test,Best in Train
15,1.0675543462690942,inv_std_weights,Test,Best in Train
16,1.0520788768161038,inv_std_weights,Test,Best in Train
17,1.0451434605471368,inv_std_weights,Test,Best in Train
18,1.0435776264759573,inv_std_weights,Test,Best in Train
19,1.0598482713478845,inv_std_weights,Test,Best in Train
20,1.0436243860632712,inv_std_weights,Test,Best in Train
21,1.0598482713478845,inv_std_weights,Test,Best in Train
22,1.0435776264759573,inv_std_weights,Test,Best in Train
23,1.0540737299481922,inv_std_weights,Test,Best in Train
24,1.0540737299481922,inv_std_weights,Test,Best in Train
25,1.0451434605471368,inv_std_weights,Test,Best in Train
26,1.0484917036828776,inv_std_weights,Test,Best in Train
27,1.0520788768161038,inv_std_weights,Test,Best in Train
28,1.0435776264759573,inv_std_weights,Test,Best in Train
29,1.0534516761986417,inv_std_weights,Test,Best in Train
30,1.0435776264759573,inv_std_weights,Test,Best in Train
31,1.0520788768161038,inv_std_weights,Test,Best in Train
32,1.0579645524889927,inv_std_weights,Test,Best in Train
33,1.0484917036828776,inv_std_weights,Test,Best in Train
34,1.0534516761986417,inv_std_weights,Test,Best in Train
35,1.0675543462690942,inv_std_weights,Test,Best in Train
36,1.0534516761986417,inv_std_weights,Test,Best in Train
37,1.0534516761986417,inv_std_weights,Test,Best in Train
38,1.0540737299481922,inv_std_weights,Test,Best in Train
39,1.0579645524889927,inv_std_weights,Test,Best in Train
40,1.0435776264759573,inv_std_weights,Test,Best in Train
41,1.0675543462690942,inv_std_weights,Test,Best in Train
42,1.0451434605471368,inv_std_weights,Test,Best in Train
43,1.0451434605471368,inv_std_weights,Test,Best in Train
44,1.0436243860632712,inv_std_weights,Test,Best in Train
45,1.0579645524889927,inv_std_weights,Test,Best in Train
46,1.0675543462690942,inv_std_weights,Test,Best in Train
47,1.0579645524889927,inv_std_weights,Test,Best in Train
48,1.0520788768161038,inv_std_weights,Test,Best in Train
49,1.0534516761986417,inv_std_weights,Test,Best in Train
0,1.0370520642368493,inv_var_weights,Test,Best in Train
1,1.0369337176097688,inv_var_weights,Test,Best in Train
2,1.0647040980456635,inv_var_weights,Test,Best in Train
3,1.0484805618448956,inv_var_weights,Test,Best in Train
4,1.0426703405403106,inv_var_weights,Test,Best in Train
5,1.0387164418556154,inv_var_weights,Test,Best in Train
6,1.0369337176097688,inv_var_weights,Test,Best in Train
7,1.0491652369952627,inv_var_weights,Test,Best in Train
8,1.0647040980456635,inv_var_weights,Test,Best in Train
9,1.0647040980456635,inv_var_weights,Test,Best in Train
10,1.0467351172248658,inv_var_weights,Test,Best in Train
11,1.0491652369952627,inv_var_weights,Test,Best in Train
12,1.0484805618448956,inv_var_weights,Test,Best in Train
13,1.0370520642368493,inv_var_weights,Test,Best in Train
14,1.0647040980456635,inv_var_weights,Test,Best in Train
15,1.0370520642368493,inv_var_weights,Test,Best in Train
16,1.0387164418556154,inv_var_weights,Test,Best in Train
17,1.0387164418556154,inv_var_weights,Test,Best in Train
18,1.0426703405403106,inv_var_weights,Test,Best in Train
19,1.0536800847666037,inv_var_weights,Test,Best in Train
20,1.0387164418556154,inv_var_weights,Test,Best in Train
21,1.0484805618448956,inv_var_weights,Test,Best in Train
22,1.0557543915785719,inv_var_weights,Test,Best in Train
23,1.0370520642368493,inv_var_weights,Test,Best in Train
24,1.0467351172248658,inv_var_weights,Test,Best in Train
25,1.0557543915785719,inv_var_weights,Test,Best in Train
26,1.0557543915785719,inv_var_weights,Test,Best in Train
27,1.0387164418556154,inv_var_weights,Test,Best in Train
28,1.0536800847666037,inv_var_weights,Test,Best in Train
29,1.0387164418556154,inv_var_weights,Test,Best in Train
30,1.0647040980456635,inv_var_weights,Test,Best in Train
31,1.0370520642368493,inv_var_weights,Test,Best in Train
32,1.0536800847666037,inv_var_weights,Test,Best in Train
33,1.0467351172248658,inv_var_weights,Test,Best in Train
34,1.0370520642368493,inv_var_weights,Test,Best in Train
35,1.0484805618448956,inv_var_weights,Test,Best in Train
36,1.0426703405403106,inv_var_weights,Test,Best in Train
37,1.0370520642368493,inv_var_weights,Test,Best in Train
38,1.0557543915785719,inv_var_weights,Test,Best in Train
39,1.0536800847666037,inv_var_weights,Test,Best in Train
40,1.0426703405403106,inv_var_weights,Test,Best in Train
41,1.0557543915785719,inv_var_weights,Test,Best in Train
42,1.0467351172248658,inv_var_weights,Test,Best in Train
43,1.0369337176097688,inv_var_weights,Test,Best in Train
44,1.0484805618448956,inv_var_weights,Test,Best in Train
45,1.0387164418556154,inv_var_weights,Test,Best in Train
46,1.0369337176097688,inv_var_weights,Test,Best in Train
47,1.0369337176097688,inv_var_weights,Test,Best in Train
48,1.0369337176097688,inv_var_weights,Test,Best in Train
49,1.0491652369952627,inv_var_weights,Test,Best in Train
0,1.0722488118176081,inv_rmse_weights,Test,Best in Train
1,1.0722488118176081,inv_rmse_weights,Test,Best in Train
2,1.0739966217940873,inv_rmse_weights,Test,Best in Train
3,1.0756969646871801,inv_rmse_weights,Test,Best in Train
4,1.0765268406594475,inv_rmse_weights,Test,Best in Train
5,1.074269270399925,inv_rmse_weights,Test,Best in Train
6,1.0756969646871801,inv_rmse_weights,Test,Best in Train
7,1.0704751238698598,inv_rmse_weights,Test,Best in Train
8,1.073671742078624,inv_rmse_weights,Test,Best in Train
9,1.0722488118176081,inv_rmse_weights,Test,Best in Train
10,1.0722488118176081,inv_rmse_weights,Test,Best in Train
11,1.0722488118176081,inv_rmse_weights,Test,Best in Train
12,1.0756969646871801,inv_rmse_weights,Test,Best in Train
13,1.0739966217940873,inv_rmse_weights,Test,Best in Train
14,1.0739966217940873,inv_rmse_weights,Test,Best in Train
15,1.0793506270790099,inv_rmse_weights,Test,Best in Train
16,1.0710928669740651,inv_rmse_weights,Test,Best in Train
17,1.073671742078624,inv_rmse_weights,Test,Best in Train
18,1.0739966217940873,inv_rmse_weights,Test,Best in Train
19,1.0756969646871801,inv_rmse_weights,Test,Best in Train
20,1.0710928669740651,inv_rmse_weights,Test,Best in Train
21,1.0710928669740651,inv_rmse_weights,Test,Best in Train
22,1.0710928669740651,inv_rmse_weights,Test,Best in Train
23,1.0765268406594475,inv_rmse_weights,Test,Best in Train
24,1.0722488118176081,inv_rmse_weights,Test,Best in Train
25,1.0710928669740651,inv_rmse_weights,Test,Best in Train
26,1.0704751238698598,inv_rmse_weights,Test,Best in Train
27,1.0704751238698598,inv_rmse_weights,Test,Best in Train
28,1.073671742078624,inv_rmse_weights,Test,Best in Train
29,1.0704751238698598,inv_rmse_weights,Test,Best in Train
30,1.0710928669740651,inv_rmse_weights,Test,Best in Train
31,1.0710928669740651,inv_rmse_weights,Test,Best in Train
32,1.0739966217940873,inv_rmse_weights,Test,Best in Train
33,1.0710928669740651,inv_rmse_weights,Test,Best in Train
34,1.0722488118176081,inv_rmse_weights,Test,Best in Train
35,1.0704203031582928,inv_rmse_weights,Test,Best in Train
36,1.0765268406594475,inv_rmse_weights,Test,Best in Train
37,1.073671742078624,inv_rmse_weights,Test,Best in Train
38,1.0739966217940873,inv_rmse_weights,Test,Best in Train
39,1.0756969646871801,inv_rmse_weights,Test,Best in Train
40,1.073671742078624,inv_rmse_weights,Test,Best in Train
41,1.0704751238698598,inv_rmse_weights,Test,Best in Train
42,1.0765268406594475,inv_rmse_weights,Test,Best in Train
43,1.073671742078624,inv_rmse_weights,Test,Best in Train
44,1.0704203031582928,inv_rmse_weights,Test,Best in Train
45,1.073671742078624,inv_rmse_weights,Test,Best in Train
46,1.0710928669740651,inv_rmse_weights,Test,Best in Train
47,1.073671742078624,inv_rmse_weights,Test,Best in Train
48,1.074269270399925,inv_rmse_weights,Test,Best in Train
49,1.0793506270790099,inv_rmse_weights,Test,Best in Train
