"","Figure","Panel","Weights","Ensemble","Comparison","Fit","c","d","e","Pr90"
"1","S1","A","uniform_weights","Any","","EXD3",0.932241177212385,1.06123461013195,2.15324916080898,5
"2","S1","B","uniform_weights","All","","EXD3",0.86190619533794,0.931562003771755,237.3779369701,547
"3","S1","C","uniform_weights","LM","BLUP","EXD3",0.891821463223562,0.89516237090094,1.34311912159974,4
"4","S1","C","uniform_weights","LM","SVR","EXD3",0.943201150049669,0.986785526318484,1.34311912159974,4
"5","S1","C","uniform_weights","LM","DNN-CO","EXD3",0.916316221832114,0.92196835658859,1.34311912159974,4
"6","S1","C","uniform_weights","LM","DNN-SO","EXD3",0.948092161821916,0.96988322163173,1.34311912159974,4
"7","S1","C","uniform_weights","LM","LM","Linear",0.980282430809238,NA,NA,NA
"8","S1","C","uniform_weights","LM","KNN","Linear",0.980282430809238,NA,NA,NA
"9","S1","C","uniform_weights","LM","RNR","Linear",0.980282430809238,NA,NA,NA
"10","S1","C","uniform_weights","LM","RF","Linear",0.980282430809238,NA,NA,NA
"11","S1","D","uniform_weights","BLUP","LM","EXD3",0.894108628455039,0.893050149731917,1.83458256909964,5
"12","S1","D","uniform_weights","BLUP","BLUP","EXD3",0.894299866157882,0.989285117969999,1.83458256909964,5
"13","S1","D","uniform_weights","BLUP","KNN","EXD3",0.93285574376584,0.940405826035542,1.83458256909964,5
"14","S1","D","uniform_weights","BLUP","RNR","EXD3",0.944957757969666,0.958248433711965,1.83458256909964,5
"15","S1","D","uniform_weights","BLUP","RF","EXD3",0.920784164632619,0.931510332221775,1.83458256909964,5
"16","S1","D","uniform_weights","BLUP","SVR","EXD3",0.886806541914621,0.934521927159879,1.83458256909964,5
"17","S1","D","uniform_weights","BLUP","DNN-CO","EXD3",0.89180926211073,0.913568796478116,1.83458256909964,5
"18","S1","D","uniform_weights","BLUP","DNN-SO","EXD3",0.91483106705868,0.950725176104889,1.83458256909964,5
"19","S1","E","uniform_weights","KNN","BLUP","EXD3",0.933086392600999,0.943193337636598,1.24441866486945,3
"20","S1","E","uniform_weights","KNN","SVR","EXD3",0.989047422819331,1.03376905102943,1.24441866486945,3
"21","S1","E","uniform_weights","KNN","DNN-CO","EXD3",0.966101153014417,0.973000837543322,1.24441866486945,3
"22","S1","E","uniform_weights","KNN","DNN-SO","EXD3",1.00470323253413,1.01969686166239,1.24441866486945,3
"23","S1","E","uniform_weights","KNN","LM","Linear",1.03427706146532,NA,NA,NA
"24","S1","E","uniform_weights","KNN","KNN","Linear",1.03427706146532,NA,NA,NA
"25","S1","E","uniform_weights","KNN","RNR","Linear",1.03427706146532,NA,NA,NA
"26","S1","E","uniform_weights","KNN","RF","Linear",1.03427706146532,NA,NA,NA
"27","S1","F","uniform_weights","RNR","BLUP","EXD3",0.945056119753368,0.958560630597405,1.73092571071247,4
"28","S1","F","uniform_weights","RNR","SVR","EXD3",0.997842935120743,1.03371606514101,1.73092571071247,4
"29","S1","F","uniform_weights","RNR","DNN-CO","EXD3",0.974741215813711,0.978290094935073,1.73092571071247,4
"30","S1","F","uniform_weights","RNR","DNN-SO","EXD3",1.01550850151662,1.03509702600008,1.73092571071247,4
"31","S1","F","uniform_weights","RNR","LM","Linear",1.04539628732763,NA,NA,NA
"32","S1","F","uniform_weights","RNR","KNN","Linear",1.04539628732763,NA,NA,NA
"33","S1","F","uniform_weights","RNR","RNR","Linear",1.04539628732763,NA,NA,NA
"34","S1","F","uniform_weights","RNR","RF","Linear",1.04539628732763,NA,NA,NA
"35","S1","G","uniform_weights","RF","BLUP","EXD3",0.921271689081977,0.932806573225684,1.25827624719072,3
"36","S1","G","uniform_weights","RF","RF","EXD3",1.10569742235396,1.10948176785287,1.25827624719072,3
"37","S1","G","uniform_weights","RF","SVR","EXD3",0.968986299911937,1.01325736088619,1.25827624719072,3
"38","S1","G","uniform_weights","RF","DNN-CO","EXD3",0.930602113833715,0.936388849793181,1.25827624719072,3
"39","S1","G","uniform_weights","RF","DNN-SO","EXD3",0.9774343677783,1.00201457422971,1.25827624719072,3
"40","S1","G","uniform_weights","RF","LM","Linear",1.009570157438,NA,NA,NA
"41","S1","G","uniform_weights","RF","KNN","Linear",1.009570157438,NA,NA,NA
"42","S1","G","uniform_weights","RF","RNR","Linear",1.009570157438,NA,NA,NA
"43","S1","H","uniform_weights","SVR","LM","EXD3",0.943648763214259,0.980078041005503,1.49324800817721,4
"44","S1","H","uniform_weights","SVR","BLUP","EXD3",0.887127585545507,0.946753431274383,1.49324800817721,4
"45","S1","H","uniform_weights","SVR","KNN","EXD3",0.988362642015772,1.02983591203982,1.49324800817721,4
"46","S1","H","uniform_weights","SVR","RNR","EXD3",0.998254317560498,1.03810765352543,1.49324800817721,4
"47","S1","H","uniform_weights","SVR","RF","EXD3",0.968716856653623,1.00670751270052,1.49324800817721,4
"48","S1","H","uniform_weights","SVR","SVR","EXD3",0.956551164455929,1.12748499011967,1.49324800817721,4
"49","S1","H","uniform_weights","SVR","DNN-CO","EXD3",0.919762279246805,0.958588190589423,1.49324800817721,4
"50","S1","H","uniform_weights","SVR","DNN-SO","EXD3",0.950155957345515,1.01980726886887,1.49324800817721,4
"51","S1","I","uniform_weights","DNN-CO","LM","EXD3",0.916347099871859,0.920632843950536,1.55306158796263,4
"52","S1","I","uniform_weights","DNN-CO","BLUP","EXD3",0.89231438824471,0.919199151644918,1.55306158796263,4
"53","S1","I","uniform_weights","DNN-CO","KNN","EXD3",0.966016643942125,0.971862358728849,1.55306158796263,4
"54","S1","I","uniform_weights","DNN-CO","RNR","EXD3",0.974800425834065,0.978293409002678,1.55306158796263,4
"55","S1","I","uniform_weights","DNN-CO","RF","EXD3",0.93048874861085,0.935921775888862,1.55306158796263,4
"56","S1","I","uniform_weights","DNN-CO","SVR","EXD3",0.919343961609098,0.959656081876948,1.55306158796263,4
"57","S1","I","uniform_weights","DNN-CO","DNN-CO","EXD3",0.936627554832062,0.950227927451115,1.55306158796263,4
"58","S1","I","uniform_weights","DNN-CO","DNN-SO","EXD3",0.941046743740234,0.971962138262193,1.55306158796263,4
"59","S1","J","uniform_weights","DNN-SO","LM","EXD3",0.948247241163038,0.972153080280638,1.21029631726109,3
"60","S1","J","uniform_weights","DNN-SO","BLUP","EXD3",0.916149452435538,0.962680233435197,1.21029631726109,3
"61","S1","J","uniform_weights","DNN-SO","KNN","EXD3",1.00474497406147,1.01972595505318,1.21029631726109,3
"62","S1","J","uniform_weights","DNN-SO","RNR","EXD3",1.01598938420962,1.04182979461154,1.21029631726109,3
"63","S1","J","uniform_weights","DNN-SO","RF","EXD3",0.977436206365451,1.00323591460643,1.21029631726109,3
"64","S1","J","uniform_weights","DNN-SO","SVR","EXD3",0.950525000874917,1.03627909484033,1.21029631726109,3
"65","S1","J","uniform_weights","DNN-SO","DNN-CO","EXD3",0.941563885857377,0.978728051236962,1.21029631726109,3
"66","S1","J","uniform_weights","DNN-SO","DNN-SO","EXD3",0.984700706402818,1.09047776187508,1.21029631726109,3
"67","S2","A","uniform_by_type_weights","Any","","EXD3",0.930523040340858,1.09041558320409,1.97867771172183,5
"68","S2","B","uniform_by_type_weights","All","","EXD3",0.922007553020678,0.931002471192873,39.0655542859473,90
"69","S2","C","uniform_by_type_weights","LM","BLUP","EXD3",0.890767417277946,0.966262783083639,0.449368140141822,2
"70","S2","C","uniform_by_type_weights","LM","SVR","EXD3",0.945897999582676,1.06631453352937,0.449368140141822,2
"71","S2","C","uniform_by_type_weights","LM","DNN-CO","EXD3",0.916724746816905,0.942846427640877,0.449368140141822,2
"72","S2","C","uniform_by_type_weights","LM","DNN-SO","EXD3",0.948096617257373,0.999417284328347,0.449368140141822,2
"73","S2","C","uniform_by_type_weights","LM","LM","Linear",0.98026563945309,NA,NA,NA
"74","S2","C","uniform_by_type_weights","LM","KNN","Linear",0.98026563945309,NA,NA,NA
"75","S2","C","uniform_by_type_weights","LM","RNR","Linear",0.98026563945309,NA,NA,NA
"76","S2","C","uniform_by_type_weights","LM","RF","Linear",0.98026563945309,NA,NA,NA
"77","S2","D","uniform_by_type_weights","BLUP","LM","EXD3",0.890581062487476,0.900200608935527,1.53377433519517,4
"78","S2","D","uniform_by_type_weights","BLUP","BLUP","EXD3",0.901869578118372,0.969059221651311,1.53377433519517,4
"79","S2","D","uniform_by_type_weights","BLUP","KNN","EXD3",0.932454738648916,0.960987501850696,1.53377433519517,4
"80","S2","D","uniform_by_type_weights","BLUP","RNR","EXD3",0.945315985919006,0.961780934509414,1.53377433519517,4
"81","S2","D","uniform_by_type_weights","BLUP","RF","EXD3",0.919810811592026,0.950972903807428,1.53377433519517,4
"82","S2","D","uniform_by_type_weights","BLUP","SVR","EXD3",0.886113129930331,0.939231838179959,1.53377433519517,4
"83","S2","D","uniform_by_type_weights","BLUP","DNN-CO","EXD3",0.891871092178841,0.919405771831664,1.53377433519517,4
"84","S2","D","uniform_by_type_weights","BLUP","DNN-SO","EXD3",0.9171022869682,0.950976957187243,1.53377433519517,4
"85","S2","E","uniform_by_type_weights","KNN","BLUP","EXD3",0.933157577050142,0.976572427955999,0.969893146374206,3
"86","S2","E","uniform_by_type_weights","KNN","SVR","EXD3",0.988927335994913,1.05929443038741,0.969893146374206,3
"87","S2","E","uniform_by_type_weights","KNN","DNN-CO","EXD3",0.966322088574934,0.971775628236465,0.969893146374206,3
"88","S2","E","uniform_by_type_weights","KNN","DNN-SO","EXD3",1.00371580427522,1.0343736339529,0.969893146374206,3
"89","S2","E","uniform_by_type_weights","KNN","LM","Linear",1.03427283037405,NA,NA,NA
"90","S2","E","uniform_by_type_weights","KNN","KNN","Linear",1.03427283037405,NA,NA,NA
"91","S2","E","uniform_by_type_weights","KNN","RNR","Linear",1.03427283037405,NA,NA,NA
"92","S2","E","uniform_by_type_weights","KNN","RF","Linear",1.03427283037405,NA,NA,NA
"93","S2","F","uniform_by_type_weights","RNR","BLUP","EXD3",0.945311308607489,0.961577721915281,1.54740838372226,4
"94","S2","F","uniform_by_type_weights","RNR","SVR","EXD3",0.997926876264427,1.04435070943171,1.54740838372226,4
"95","S2","F","uniform_by_type_weights","RNR","DNN-CO","EXD3",0.974544713053263,0.981442918663317,1.54740838372226,4
"96","S2","F","uniform_by_type_weights","RNR","DNN-SO","EXD3",1.01528172063344,1.04039875394939,1.54740838372226,4
"97","S2","F","uniform_by_type_weights","RNR","LM","Linear",1.04539276577276,NA,NA,NA
"98","S2","F","uniform_by_type_weights","RNR","KNN","Linear",1.04539276577276,NA,NA,NA
"99","S2","F","uniform_by_type_weights","RNR","RNR","Linear",1.04539276577276,NA,NA,NA
"100","S2","F","uniform_by_type_weights","RNR","RF","Linear",1.04539276577276,NA,NA,NA
"101","S2","G","uniform_by_type_weights","RF","BLUP","EXD3",0.920249587916644,0.95872815973376,1.19996718782924,3
"102","S2","G","uniform_by_type_weights","RF","RF","EXD3",1.10573364272698,1.10984163665544,1.19996718782924,3
"103","S2","G","uniform_by_type_weights","RF","SVR","EXD3",0.969078227711193,1.0153699680063,1.19996718782924,3
"104","S2","G","uniform_by_type_weights","RF","DNN-CO","EXD3",0.930814126395539,0.941387949088632,1.19996718782924,3
"105","S2","G","uniform_by_type_weights","RF","DNN-SO","EXD3",0.977285272576134,1.00530333570385,1.19996718782924,3
"106","S2","G","uniform_by_type_weights","RF","LM","Linear",1.00954152276866,NA,NA,NA
"107","S2","G","uniform_by_type_weights","RF","KNN","Linear",1.00954152276866,NA,NA,NA
"108","S2","G","uniform_by_type_weights","RF","RNR","Linear",1.00954152276866,NA,NA,NA
"109","S2","H","uniform_by_type_weights","SVR","LM","EXD3",0.9453302186367,0.980156453347613,1.0799444224059,3
"110","S2","H","uniform_by_type_weights","SVR","BLUP","EXD3",0.887379578159828,0.955746374149462,1.0799444224059,3
"111","S2","H","uniform_by_type_weights","SVR","KNN","EXD3",0.988694681517977,1.05103469726425,1.0799444224059,3
"112","S2","H","uniform_by_type_weights","SVR","RNR","EXD3",0.998822229788042,1.06072189594101,1.0799444224059,3
"113","S2","H","uniform_by_type_weights","SVR","RF","EXD3",0.969377101792564,1.01941900198686,1.0799444224059,3
"114","S2","H","uniform_by_type_weights","SVR","SVR","EXD3",0.959245906987833,1.15980916770492,1.0799444224059,3
"115","S2","H","uniform_by_type_weights","SVR","DNN-CO","EXD3",0.920201735288611,0.98310329382438,1.0799444224059,3
"116","S2","H","uniform_by_type_weights","SVR","DNN-SO","EXD3",0.9499894909214,1.04283855324296,1.0799444224059,3
"117","S2","I","uniform_by_type_weights","DNN-CO","LM","EXD3",0.91649160934039,0.92348114974654,1.19913828725908,3
"118","S2","I","uniform_by_type_weights","DNN-CO","BLUP","EXD3",0.892281857927886,0.924932836959453,1.19913828725908,3
"119","S2","I","uniform_by_type_weights","DNN-CO","KNN","EXD3",0.966285243282718,0.970651127576042,1.19913828725908,3
"120","S2","I","uniform_by_type_weights","DNN-CO","RNR","EXD3",0.974635789506425,0.983380529284662,1.19913828725908,3
"121","S2","I","uniform_by_type_weights","DNN-CO","RF","EXD3",0.93082645605995,0.941110394723311,1.19913828725908,3
"122","S2","I","uniform_by_type_weights","DNN-CO","SVR","EXD3",0.919923012818526,0.976264068321972,1.19913828725908,3
"123","S2","I","uniform_by_type_weights","DNN-CO","DNN-CO","EXD3",0.936904843947241,0.960483527394147,1.19913828725908,3
"124","S2","I","uniform_by_type_weights","DNN-CO","DNN-SO","EXD3",0.942780870384589,0.968458415377809,1.19913828725908,3
"125","S2","J","uniform_by_type_weights","DNN-SO","LM","EXD3",0.947224214983586,0.966113943686324,1.23070839752984,3
"126","S2","J","uniform_by_type_weights","DNN-SO","BLUP","EXD3",0.917563418347798,0.957588199097702,1.23070839752984,3
"127","S2","J","uniform_by_type_weights","DNN-SO","KNN","EXD3",1.00348278630965,1.02762027836997,1.23070839752984,3
"128","S2","J","uniform_by_type_weights","DNN-SO","RNR","EXD3",1.01572403988139,1.04492160173989,1.23070839752984,3
"129","S2","J","uniform_by_type_weights","DNN-SO","RF","EXD3",0.977244539560433,1.00477471651731,1.23070839752984,3
"130","S2","J","uniform_by_type_weights","DNN-SO","SVR","EXD3",0.949604165544791,1.03019238113096,1.23070839752984,3
"131","S2","J","uniform_by_type_weights","DNN-SO","DNN-CO","EXD3",0.942742609484272,0.967875924835031,1.23070839752984,3
"132","S2","J","uniform_by_type_weights","DNN-SO","DNN-SO","EXD3",0.985099691731022,1.07714713662992,1.23070839752984,3
"133","S4","A","inv_std_weights","Any","","EXD3",0.92908996646302,1.06772467859396,2.16466504266521,5
"134","S4","B","inv_std_weights","All","","EXD3",0.886796560812927,0.927838993504279,174.033316110068,401
"135","S4","C","inv_std_weights","LM","BLUP","EXD3",0.898576596489489,0.909271359795407,1.44821818938394,4
"136","S4","C","inv_std_weights","LM","SVR","EXD3",0.944187427679223,0.975806534557755,1.44821818938394,4
"137","S4","C","inv_std_weights","LM","DNN-CO","EXD3",0.921998080172755,0.930155798603806,1.44821818938394,4
"138","S4","C","inv_std_weights","LM","DNN-SO","EXD3",0.94768493765758,0.963358745537114,1.44821818938394,4
"139","S4","C","inv_std_weights","LM","LM","Linear",0.973200813102806,NA,NA,NA
"140","S4","C","inv_std_weights","LM","KNN","Linear",0.973200813102806,NA,NA,NA
"141","S4","C","inv_std_weights","LM","RNR","Linear",0.973200813102806,NA,NA,NA
"142","S4","C","inv_std_weights","LM","RF","Linear",0.973200813102806,NA,NA,NA
"143","S4","D","inv_std_weights","BLUP","LM","EXD3",0.898608891643284,0.908939351566854,1.44505137596098,4
"144","S4","D","inv_std_weights","BLUP","BLUP","EXD3",0.902816031835177,0.978670847451911,1.44505137596098,4
"145","S4","D","inv_std_weights","BLUP","KNN","EXD3",0.925699389391327,0.945227233000039,1.44505137596098,4
"146","S4","D","inv_std_weights","BLUP","RNR","EXD3",0.936370822112565,0.955168226758475,1.44505137596098,4
"147","S4","D","inv_std_weights","BLUP","RF","EXD3",0.934282503814681,0.950785869059694,1.44505137596098,4
"148","S4","D","inv_std_weights","BLUP","SVR","EXD3",0.887607790726539,0.940831806673988,1.44505137596098,4
"149","S4","D","inv_std_weights","BLUP","DNN-CO","EXD3",0.891299336000671,0.90811811960104,1.44505137596098,4
"150","S4","D","inv_std_weights","BLUP","DNN-SO","EXD3",0.921961001910639,0.973023698956332,1.44505137596098,4
"151","S4","E","inv_std_weights","KNN","BLUP","EXD3",0.925918741030355,0.94902928355203,1.17696023779683,3
"152","S4","E","inv_std_weights","KNN","SVR","EXD3",0.983748395322172,1.0514218750308,1.17696023779683,3
"153","S4","E","inv_std_weights","KNN","DNN-CO","EXD3",0.96340344777509,0.983445475384201,1.17696023779683,3
"154","S4","E","inv_std_weights","KNN","DNN-SO","EXD3",0.996295952470579,1.02380960975605,1.17696023779683,3
"155","S4","E","inv_std_weights","KNN","LM","Linear",1.03350079375994,NA,NA,NA
"156","S4","E","inv_std_weights","KNN","KNN","Linear",1.03350079375994,NA,NA,NA
"157","S4","E","inv_std_weights","KNN","RNR","Linear",1.03350079375994,NA,NA,NA
"158","S4","E","inv_std_weights","KNN","RF","Linear",1.03350079375994,NA,NA,NA
"159","S4","F","inv_std_weights","RNR","BLUP","EXD3",0.936459536141784,0.956491215046124,1.33513717735916,4
"160","S4","F","inv_std_weights","RNR","SVR","EXD3",0.992234528330989,1.05759617553137,1.33513717735916,4
"161","S4","F","inv_std_weights","RNR","DNN-CO","EXD3",0.971636276093942,0.98681623958615,1.33513717735916,4
"162","S4","F","inv_std_weights","RNR","DNN-SO","EXD3",1.00527495695986,1.03868849330553,1.33513717735916,4
"163","S4","F","inv_std_weights","RNR","LM","Linear",1.04291454973863,NA,NA,NA
"164","S4","F","inv_std_weights","RNR","KNN","Linear",1.04291454973863,NA,NA,NA
"165","S4","F","inv_std_weights","RNR","RNR","Linear",1.04291454973863,NA,NA,NA
"166","S4","F","inv_std_weights","RNR","RF","Linear",1.04291454973863,NA,NA,NA
"167","S4","G","inv_std_weights","RF","BLUP","EXD3",0.933854023479528,0.955749218704706,1.45793296919603,4
"168","S4","G","inv_std_weights","RF","RF","EXD3",1.10577996433773,1.10824361285239,1.45793296919603,4
"169","S4","G","inv_std_weights","RF","SVR","EXD3",0.976776299797349,1.00929027963842,1.45793296919603,4
"170","S4","G","inv_std_weights","RF","DNN-CO","EXD3",0.946266871172131,0.970041761675814,1.45793296919603,4
"171","S4","G","inv_std_weights","RF","DNN-SO","EXD3",0.976047429574263,0.994761321511422,1.45793296919603,4
"172","S4","G","inv_std_weights","RF","LM","Linear",1.0120008905662,NA,NA,NA
"173","S4","G","inv_std_weights","RF","KNN","Linear",1.0120008905662,NA,NA,NA
"174","S4","G","inv_std_weights","RF","RNR","Linear",1.0120008905662,NA,NA,NA
"175","S4","H","inv_std_weights","SVR","LM","EXD3",0.944407632014524,0.980634067892371,1.23439376175579,3
"176","S4","H","inv_std_weights","SVR","BLUP","EXD3",0.888103436680944,0.948406625949232,1.23439376175579,3
"177","S4","H","inv_std_weights","SVR","KNN","EXD3",0.983607923123822,1.0484677710141,1.23439376175579,3
"178","S4","H","inv_std_weights","SVR","RNR","EXD3",0.99250043956553,1.06240558005492,1.23439376175579,3
"179","S4","H","inv_std_weights","SVR","RF","EXD3",0.977108356341234,1.01438936911881,1.23439376175579,3
"180","S4","H","inv_std_weights","SVR","SVR","EXD3",0.959888753321913,1.13738910401699,1.23439376175579,3
"181","S4","H","inv_std_weights","SVR","DNN-CO","EXD3",0.919452174838241,0.99985378616566,1.23439376175579,3
"182","S4","H","inv_std_weights","SVR","DNN-SO","EXD3",0.95356847896099,1.00412636554627,1.23439376175579,3
"183","S4","I","inv_std_weights","DNN-CO","LM","EXD3",0.922041348486106,0.93897282921081,1.04243208997972,3
"184","S4","I","inv_std_weights","DNN-CO","BLUP","EXD3",0.891454033462521,0.917138998481507,1.04243208997972,3
"185","S4","I","inv_std_weights","DNN-CO","KNN","EXD3",0.963500757005716,0.986025062775854,1.04243208997972,3
"186","S4","I","inv_std_weights","DNN-CO","RNR","EXD3",0.971835925830676,0.990566355589197,1.04243208997972,3
"187","S4","I","inv_std_weights","DNN-CO","RF","EXD3",0.946651301023038,0.979357417673889,1.04243208997972,3
"188","S4","I","inv_std_weights","DNN-CO","SVR","EXD3",0.920030928344225,1.01443706973507,1.04243208997972,3
"189","S4","I","inv_std_weights","DNN-CO","DNN-CO","EXD3",0.938793231405707,0.947056235783771,1.04243208997972,3
"190","S4","I","inv_std_weights","DNN-CO","DNN-SO","EXD3",0.94740480986757,0.983379105686971,1.04243208997972,3
"191","S4","J","inv_std_weights","DNN-SO","LM","EXD3",0.947590649546712,0.962529351440287,1.56597909159205,4
"192","S4","J","inv_std_weights","DNN-SO","BLUP","EXD3",0.921676223540477,0.969991328809846,1.56597909159205,4
"193","S4","J","inv_std_weights","DNN-SO","KNN","EXD3",0.995832675535215,1.01831374010645,1.56597909159205,4
"194","S4","J","inv_std_weights","DNN-SO","RNR","EXD3",1.00495926740922,1.0345956070741,1.56597909159205,4
"195","S4","J","inv_std_weights","DNN-SO","RF","EXD3",0.975570001521508,0.997908301089477,1.56597909159205,4
"196","S4","J","inv_std_weights","DNN-SO","SVR","EXD3",0.952850482518598,0.995467767849539,1.56597909159205,4
"197","S4","J","inv_std_weights","DNN-SO","DNN-CO","EXD3",0.946845132977276,0.973132949866336,1.56597909159205,4
"198","S4","J","inv_std_weights","DNN-SO","DNN-SO","EXD3",0.984062361837747,1.06655777132042,1.56597909159205,4
"199","S3","A","inv_var_weights","Any","","EXD3",0.926334371475196,1.05930073077384,2.47177576488552,6
"200","S3","B","inv_var_weights","All","","EXD3",0.91452875376243,0.925639783447891,28.4095375400798,66
"201","S3","C","inv_var_weights","LM","BLUP","EXD3",0.905950338974266,0.918810396388549,1.24324354913962,3
"202","S3","C","inv_var_weights","LM","SVR","EXD3",0.946769237037214,0.968015715024744,1.24324354913962,3
"203","S3","C","inv_var_weights","LM","DNN-CO","EXD3",0.926638255745154,0.933031057678498,1.24324354913962,3
"204","S3","C","inv_var_weights","LM","DNN-SO","EXD3",0.948040465877837,0.959814643396788,1.24324354913962,3
"205","S3","C","inv_var_weights","LM","LM","Linear",0.968726847744375,NA,NA,NA
"206","S3","C","inv_var_weights","LM","KNN","Linear",0.968726847744375,NA,NA,NA
"207","S3","C","inv_var_weights","LM","RNR","Linear",0.968726847744375,NA,NA,NA
"208","S3","C","inv_var_weights","LM","RF","Linear",0.968726847744375,NA,NA,NA
"209","S3","D","inv_var_weights","BLUP","LM","EXD3",0.905862775981986,0.916659034054626,1.06708318590848,3
"210","S3","D","inv_var_weights","BLUP","BLUP","EXD3",0.902887038495844,0.929317096378969,1.06708318590848,3
"211","S3","D","inv_var_weights","BLUP","KNN","EXD3",0.920343312439841,0.945741521554526,1.06708318590848,3
"212","S3","D","inv_var_weights","BLUP","RNR","EXD3",0.927833151876801,0.964209795163161,1.06708318590848,3
"213","S3","D","inv_var_weights","BLUP","RF","EXD3",0.948823865922588,0.949701833507322,1.06708318590848,3
"214","S3","D","inv_var_weights","BLUP","SVR","EXD3",0.8873322492265,0.98704309110954,1.06708318590848,3
"215","S3","D","inv_var_weights","BLUP","DNN-CO","EXD3",0.892461247143788,0.917067042693358,1.06708318590848,3
"216","S3","D","inv_var_weights","BLUP","DNN-SO","EXD3",0.932450352708726,0.986101641783806,1.06708318590848,3
"217","S3","E","inv_var_weights","KNN","BLUP","EXD3",0.919707722939977,0.942618486883571,1.27694521924991,3
"218","S3","E","inv_var_weights","KNN","SVR","EXD3",0.977719248574988,1.0477806512232,1.27694521924991,3
"219","S3","E","inv_var_weights","KNN","DNN-CO","EXD3",0.957247368096665,0.985901257948998,1.27694521924991,3
"220","S3","E","inv_var_weights","KNN","DNN-SO","EXD3",0.991862043516346,1.04120650537258,1.27694521924991,3
"221","S3","E","inv_var_weights","KNN","LM","Linear",1.03486055078759,NA,NA,NA
"222","S3","E","inv_var_weights","KNN","KNN","Linear",1.03486055078759,NA,NA,NA
"223","S3","E","inv_var_weights","KNN","RNR","Linear",1.03486055078759,NA,NA,NA
"224","S3","E","inv_var_weights","KNN","RF","Linear",1.03486055078759,NA,NA,NA
"225","S3","F","inv_var_weights","RNR","BLUP","EXD3",0.927950085099117,0.971213307058378,0.926280152377301,3
"226","S3","F","inv_var_weights","RNR","SVR","EXD3",0.987382549743656,1.0605315251383,0.926280152377301,3
"227","S3","F","inv_var_weights","RNR","DNN-CO","EXD3",0.963343058512001,1.02666897433597,0.926280152377301,3
"228","S3","F","inv_var_weights","RNR","DNN-SO","EXD3",0.998165620515027,1.05246488935556,0.926280152377301,3
"229","S3","F","inv_var_weights","RNR","LM","Linear",1.04279805724848,NA,NA,NA
"230","S3","F","inv_var_weights","RNR","KNN","Linear",1.04279805724848,NA,NA,NA
"231","S3","F","inv_var_weights","RNR","RNR","Linear",1.04279805724848,NA,NA,NA
"232","S3","F","inv_var_weights","RNR","RF","Linear",1.04279805724848,NA,NA,NA
"233","S3","G","inv_var_weights","RF","BLUP","EXD3",0.948100418154371,1.11305497630659,0.323342623803715,1
"234","S3","G","inv_var_weights","RF","RF","EXD3",1.10584598013212,1.14420838998996,0.323342623803715,1
"235","S3","G","inv_var_weights","RF","SVR","EXD3",0.987190996950483,1.16915338654968,0.323342623803715,1
"236","S3","G","inv_var_weights","RF","DNN-CO","EXD3",0.958600909368097,1.14221738041484,0.323342623803715,1
"237","S3","G","inv_var_weights","RF","DNN-SO","EXD3",0.976311895573423,1.11448298735719,0.323342623803715,1
"238","S3","G","inv_var_weights","RF","LM","Linear",1.01693524267083,NA,NA,NA
"239","S3","G","inv_var_weights","RF","KNN","Linear",1.01693524267083,NA,NA,NA
"240","S3","G","inv_var_weights","RF","RNR","Linear",1.01693524267083,NA,NA,NA
"241","S3","H","inv_var_weights","SVR","LM","EXD3",0.946688181079846,0.967292580794583,1.34548034740813,4
"242","S3","H","inv_var_weights","SVR","BLUP","EXD3",0.886494193937341,0.966389301520036,1.34548034740813,4
"243","S3","H","inv_var_weights","SVR","KNN","EXD3",0.97748428095272,1.04466681765088,1.34548034740813,4
"244","S3","H","inv_var_weights","SVR","RNR","EXD3",0.986360701317677,1.03930052719908,1.34548034740813,4
"245","S3","H","inv_var_weights","SVR","RF","EXD3",0.98564713573273,1.01226414936418,1.34548034740813,4
"246","S3","H","inv_var_weights","SVR","SVR","EXD3",0.956840633920716,1.1270992830999,1.34548034740813,4
"247","S3","H","inv_var_weights","SVR","DNN-CO","EXD3",0.920393864693494,0.976315766483678,1.34548034740813,4
"248","S3","H","inv_var_weights","SVR","DNN-SO","EXD3",0.956006066145674,0.999416855350108,1.34548034740813,4
"249","S3","I","inv_var_weights","DNN-CO","LM","EXD3",0.92697097382297,0.93288316873708,0.965427085920064,3
"250","S3","I","inv_var_weights","DNN-CO","BLUP","EXD3",0.892748281472315,0.915197772418364,0.965427085920064,3
"251","S3","I","inv_var_weights","DNN-CO","KNN","EXD3",0.957565268597924,0.995611576461666,0.965427085920064,3
"252","S3","I","inv_var_weights","DNN-CO","RNR","EXD3",0.963294165061046,1.02356048703995,0.965427085920064,3
"253","S3","I","inv_var_weights","DNN-CO","RF","EXD3",0.958190745982593,0.981242562945154,0.965427085920064,3
"254","S3","I","inv_var_weights","DNN-CO","SVR","EXD3",0.921267997013939,0.997350923522716,0.965427085920064,3
"255","S3","I","inv_var_weights","DNN-CO","DNN-CO","EXD3",0.938532377736802,0.974343808066932,0.965427085920064,3
"256","S3","I","inv_var_weights","DNN-CO","DNN-SO","EXD3",0.952829822240205,0.99684096059039,0.965427085920064,3
"257","S3","J","inv_var_weights","DNN-SO","LM","EXD3",0.947959206832432,0.958786800111356,1.39611925355029,4
"258","S3","J","inv_var_weights","DNN-SO","BLUP","EXD3",0.931845993081698,0.974242465964008,1.39611925355029,4
"259","S3","J","inv_var_weights","DNN-SO","KNN","EXD3",0.991614151218039,1.03770913011504,1.39611925355029,4
"260","S3","J","inv_var_weights","DNN-SO","RNR","EXD3",0.997414469489654,1.03449279953476,1.39611925355029,4
"261","S3","J","inv_var_weights","DNN-SO","RF","EXD3",0.974725900322566,0.998322691683115,1.39611925355029,4
"262","S3","J","inv_var_weights","DNN-SO","SVR","EXD3",0.955917838508566,0.998104481313479,1.39611925355029,4
"263","S3","J","inv_var_weights","DNN-SO","DNN-CO","EXD3",0.952253823848269,0.984409160759069,1.39611925355029,4
"264","S3","J","inv_var_weights","DNN-SO","DNN-SO","EXD3",0.9860124238607,1.0625495391502,1.39611925355029,4
"265","2","A","inv_rmse_weights","Any","","EXD3",0.388523565450796,0.973223158750471,8876.60394491851,20440
"266","2","B","inv_rmse_weights","All","","EXD3",0.963193122394712,0.972696576091004,28.113402262912,65
"267","2","C","inv_rmse_weights","LM","BLUP","EXD3",0.883998150384728,0.909316483612589,1.9042024588943,5
"268","2","C","inv_rmse_weights","LM","SVR","EXD3",0.943832307796289,0.972441393660479,1.9042024588943,5
"269","2","C","inv_rmse_weights","LM","DNN-CO","EXD3",0.915196251399603,0.931463273341983,1.9042024588943,5
"270","2","C","inv_rmse_weights","LM","DNN-SO","EXD3",0.948015867374715,0.97498898888306,1.9042024588943,5
"271","2","C","inv_rmse_weights","LM","LM","Linear",1.00534073089005,NA,NA,NA
"272","2","C","inv_rmse_weights","LM","KNN","Linear",1.00534073089005,NA,NA,NA
"273","2","C","inv_rmse_weights","LM","RNR","Linear",1.00534073089005,NA,NA,NA
"274","2","C","inv_rmse_weights","LM","RF","Linear",1.00534073089005,NA,NA,NA
"275","2","D","inv_rmse_weights","BLUP","LM","EXD3",0.885391382492748,0.915328974702324,1.18038853722203,3
"276","2","D","inv_rmse_weights","BLUP","BLUP","EXD3",0.902366762862044,0.991666593262308,1.18038853722203,3
"277","2","D","inv_rmse_weights","BLUP","KNN","EXD3",0.977948520393939,0.97574134978621,1.18038853722203,3
"278","2","D","inv_rmse_weights","BLUP","RNR","EXD3",0.995776739863758,0.991162836433441,1.18038853722203,3
"279","2","D","inv_rmse_weights","BLUP","RF","EXD3",0.902653201615911,0.938074875068408,1.18038853722203,3
"280","2","D","inv_rmse_weights","BLUP","SVR","EXD3",0.882567926620889,0.950859570302354,1.18038853722203,3
"281","2","D","inv_rmse_weights","BLUP","DNN-CO","EXD3",0.890985540937974,0.934850780005317,1.18038853722203,3
"282","2","D","inv_rmse_weights","BLUP","DNN-SO","EXD3",0.91387478535518,0.955216416711118,1.18038853722203,3
"283","2","E","inv_rmse_weights","KNN","BLUP","EXD3",0.976711113785568,0.978672462617991,9.5054082626419,22
"284","2","E","inv_rmse_weights","KNN","SVR","EXD3",1.02786746796145,1.03119158625863,9.5054082626419,22
"285","2","E","inv_rmse_weights","KNN","DNN-CO","EXD3",1.00488640329032,1.00809351164343,9.5054082626419,22
"286","2","E","inv_rmse_weights","KNN","DNN-SO","EXD3",1.02440942982629,1.02676275250759,9.5054082626419,22
"287","2","E","inv_rmse_weights","KNN","LM","Linear",1.0470115004601,NA,NA,NA
"288","2","E","inv_rmse_weights","KNN","KNN","Linear",1.0470115004601,NA,NA,NA
"289","2","E","inv_rmse_weights","KNN","RNR","Linear",1.0470115004601,NA,NA,NA
"290","2","E","inv_rmse_weights","KNN","RF","Linear",1.0470115004601,NA,NA,NA
"291","2","F","inv_rmse_weights","RNR","BLUP","EXD3",0.999482432971538,0.994839383176029,39.5735423769346,92
"292","2","F","inv_rmse_weights","RNR","SVR","EXD3",1.04181744118767,1.05146912288414,39.5735423769346,92
"293","2","F","inv_rmse_weights","RNR","DNN-CO","EXD3",1.01841031993437,1.02400197043882,39.5735423769346,92
"294","2","F","inv_rmse_weights","RNR","DNN-SO","EXD3",1.04032738571878,1.04496300090657,39.5735423769346,92
"295","2","F","inv_rmse_weights","RNR","LM","Linear",1.06287703851461,NA,NA,NA
"296","2","F","inv_rmse_weights","RNR","KNN","Linear",1.06287703851461,NA,NA,NA
"297","2","F","inv_rmse_weights","RNR","RNR","Linear",1.06287703851461,NA,NA,NA
"298","2","F","inv_rmse_weights","RNR","RF","Linear",1.06287703851461,NA,NA,NA
"299","2","G","inv_rmse_weights","RF","BLUP","EXD3",0.902932896469124,0.940471505026119,1.10086546118721,3
"300","2","G","inv_rmse_weights","RF","RF","EXD3",1.10580685340972,1.10776379637834,1.10086546118721,3
"301","2","G","inv_rmse_weights","RF","SVR","EXD3",0.973641207293454,1.02274894912728,1.10086546118721,3
"302","2","G","inv_rmse_weights","RF","DNN-CO","EXD3",0.922968670285528,0.952133131197462,1.10086546118721,3
"303","2","G","inv_rmse_weights","RF","DNN-SO","EXD3",0.968955247003137,1.00609131076355,1.10086546118721,3
"304","2","G","inv_rmse_weights","RF","LM","Linear",1.01710225413642,NA,NA,NA
"305","2","G","inv_rmse_weights","RF","KNN","Linear",1.01710225413643,NA,NA,NA
"306","2","G","inv_rmse_weights","RF","RNR","Linear",1.01710225413643,NA,NA,NA
"307","2","H","inv_rmse_weights","SVR","LM","EXD3",0.944838144402619,0.981691549461093,1.34048993019267,4
"308","2","H","inv_rmse_weights","SVR","BLUP","EXD3",0.882204304199033,0.94149463358909,1.34048993019267,4
"309","2","H","inv_rmse_weights","SVR","KNN","EXD3",1.02932983496944,1.03487917379867,1.34048993019267,4
"310","2","H","inv_rmse_weights","SVR","RNR","EXD3",1.04980938046991,1.05456099513664,1.34048993019267,4
"311","2","H","inv_rmse_weights","SVR","RF","EXD3",0.973234353966516,1.01450841965549,1.34048993019267,4
"312","2","H","inv_rmse_weights","SVR","SVR","EXD3",0.958783511201689,1.133498822008,1.34048993019267,4
"313","2","H","inv_rmse_weights","SVR","DNN-CO","EXD3",0.918166151142491,0.980953432886949,1.34048993019267,4
"314","2","H","inv_rmse_weights","SVR","DNN-SO","EXD3",0.953383523270058,1.01042402765624,1.34048993019267,4
"315","2","I","inv_rmse_weights","DNN-CO","LM","EXD3",0.915863381406985,0.967058404461928,0.738918885901279,2
"316","2","I","inv_rmse_weights","DNN-CO","BLUP","EXD3",0.891459400914444,0.970167155104267,0.738918885901279,2
"317","2","I","inv_rmse_weights","DNN-CO","KNN","EXD3",1.00644034020994,1.01642252008642,0.738918885901279,2
"318","2","I","inv_rmse_weights","DNN-CO","RNR","EXD3",1.02316794871673,1.02677375237732,0.738918885901279,2
"319","2","I","inv_rmse_weights","DNN-CO","RF","EXD3",0.923351794168446,0.968811904093499,0.738918885901279,2
"320","2","I","inv_rmse_weights","DNN-CO","SVR","EXD3",0.919710300204054,1.037997172803,0.738918885901279,2
"321","2","I","inv_rmse_weights","DNN-CO","DNN-CO","EXD3",0.938559719394176,0.968065711541795,0.738918885901279,2
"322","2","I","inv_rmse_weights","DNN-CO","DNN-SO","EXD3",0.944447411581119,1.03943940007015,0.738918885901279,2
"323","2","J","inv_rmse_weights","DNN-SO","LM","EXD3",0.94887764469454,0.984348301367941,1.30490326840933,4
"324","2","J","inv_rmse_weights","DNN-SO","BLUP","EXD3",0.913546688937431,0.953664258931331,1.30490326840933,4
"325","2","J","inv_rmse_weights","DNN-SO","KNN","EXD3",1.02553242170843,1.02855386266931,1.30490326840933,4
"326","2","J","inv_rmse_weights","DNN-SO","RNR","EXD3",1.0441501735685,1.04666591122532,1.30490326840933,4
"327","2","J","inv_rmse_weights","DNN-SO","RF","EXD3",0.968654235435036,1.00098053885803,1.30490326840933,4
"328","2","J","inv_rmse_weights","DNN-SO","SVR","EXD3",0.953412924399615,1.01187921009284,1.30490326840933,4
"329","2","J","inv_rmse_weights","DNN-SO","DNN-CO","EXD3",0.943436846440761,0.993624053950295,1.30490326840933,4
"330","2","J","inv_rmse_weights","DNN-SO","DNN-SO","EXD3",0.983614836176121,1.07935422828526,1.30490326840933,4
